TYPE_ETABLISSEMENT_ANNEE_SCOLAIRE;LIBELLE_ETABLISSEMENT;ADRESSE;ARRONDISSEMENT;CODE_INSEE NUMBER;ANNEE_SCOLAIRE;TYPE_ETABLISSEMENT;GEO_SHAPE;GEO_POINT_2D
MATERNELLES (année scolaire 2022/2023);WURTZ (16) MAT;16 RUE WURTZ;13ème Ardt;75113;2022-2023;Maternelle;"{""coordinates"": [2.344618527667761, 48.82693192147904], ""type"": ""Point""}";48.82693192147904, 2.344618527667761
MATERNELLES (année scolaire 2022/2023);PARMENTIER (111) MAT;111 AVENUE PARMENTIER;11ème Ardt;75111;2022-2023;Maternelle;"{""coordinates"": [2.3723859656490562, 48.86793494762904], ""type"": ""Point""}";48.86793494762904, 2.3723859656490562
MATERNELLES (année scolaire 2022/2023);SOUZY (4-12) MAT;4 CITE SOUZY;11ème Ardt;75111;2022-2023;Maternelle;"{""coordinates"": [2.3886934164024707, 48.85174106681559], ""type"": ""Point""}";48.85174106681559, 2.3886934164024707
MATERNELLES (année scolaire 2022/2023);ANTOINE CHANTIN (22) MAT;22 RUE ANTOINE CHANTIN;14ème Ardt;75114;2022-2023;Maternelle;"{""coordinates"": [2.322533613806645, 48.827282456211165], ""type"": ""Point""}";48.827282456211165, 2.322533613806645
MATERNELLES (année scolaire 2022/2023);DURANTI (10 B) MAT;10 bis RUE DURANTI;11ème Ardt;75111;2022-2023;Maternelle;"{""coordinates"": [2.383913549304241, 48.860585425834756], ""type"": ""Point""}";48.860585425834756, 2.383913549304241
MATERNELLES (année scolaire 2022/2023);VERSAILLES (141) MAT;141 AVENUE DE VERSAILLES;16ème Ardt;75116;2022-2023;Maternelle;"{""coordinates"": [2.2680174330571736, 48.84212000885554], ""type"": ""Point""}";48.84212000885554, 2.2680174330571736
MATERNELLES (année scolaire 2022/2023);ARCHEREAU (63) MAT;63 RUE ARCHEREAU;19ème Ardt;75119;2022-2023;Maternelle;"{""coordinates"": [2.3758337556144675, 48.892863039053374], ""type"": ""Point""}";48.892863039053374, 2.3758337556144675
MATERNELLES (année scolaire 2022/2023);MOUFFETARD (97) MAT;97 RUE MOUFFETARD;5ème Ardt;75105;2022-2023;Maternelle;"{""coordinates"": [2.349717592098734, 48.841273662675036], ""type"": ""Point""}";48.841273662675036, 2.349717592098734
MATERNELLES (année scolaire 2022/2023);VICQ D'AZIR (16) POLY;16 RUE VICQ D'AZIR;10ème Ardt;75110;;Polyvalent;"{""coordinates"": [2.3705586931454286, 48.876069592939636], ""type"": ""Point""}";48.876069592939636, 2.3705586931454286
MATERNELLES (année scolaire 2022/2023);ST BENOIT (12) POLY;12 RUE SAINT BENOIT;6ème Ardt;75106;;Polyvalent;"{""coordinates"": [2.333048442224477, 48.85509962285549], ""type"": ""Point""}";48.85509962285549, 2.333048442224477
MATERNELLES (année scolaire 2022/2023);ST DIDIER (15B) POLY;15 bis RUE SAINT DIDIER;16ème Ardt;75116;;Polyvalent;"{""coordinates"": [2.287603099939645, 48.86614055402534], ""type"": ""Point""}";48.86614055402534, 2.287603099939645
MATERNELLES (année scolaire 2022/2023);PERLE (7) MAT;7 RUE DE LA PERLE;3ème Ardt;75103;2022-2023;Maternelle;"{""coordinates"": [2.3613595231393396, 48.85950683957149], ""type"": ""Point""}";48.85950683957149, 2.3613595231393396
MATERNELLES (année scolaire 2022/2023);OLIVIER DE SERRES (34) MAT;34 RUE OLIVIER DE SERRES;15ème Ardt;75115;2022-2023;Maternelle;"{""coordinates"": [2.2965269926051577, 48.835507907168534], ""type"": ""Point""}";48.835507907168534, 2.2965269926051577
MATERNELLES (année scolaire 2022/2023);PELLEPORT (166) POLY;166 RUE PELLEPORT;20ème Ardt;75120;;Polyvalent;"{""coordinates"": [2.3979874549024034, 48.87336492633465], ""type"": ""Point""}";48.87336492633465, 2.3979874549024034
MATERNELLES (année scolaire 2022/2023);PARC DES PRINCES (27) MAT;27 AVENUE DU PARC DES PRINCES;16ème Ardt;75116;2022-2023;Maternelle;"{""coordinates"": [2.2547566227893863, 48.840123668054495], ""type"": ""Point""}";48.840123668054495, 2.2547566227893863
MATERNELLES (année scolaire 2022/2023);BESSIERES (90) MAT;90 BOULEVARD BESSIERES;17ème Ardt;75117;2022-2023;Maternelle;"{""coordinates"": [2.3191258464316458, 48.8966554781644], ""type"": ""Point""}";48.8966554781644, 2.3191258464316458
MATERNELLES (année scolaire 2022/2023);GENERAL JEAN-SIMON (31) POLY;31 BOULEVARD DU GENERAL JEAN SIMON;13ème Ardt;75113;;Polyvalent;"{""coordinates"": [2.3835694843911455, 48.82614483666812], ""type"": ""Point""}";48.82614483666812, 2.3835694843911455
MATERNELLES (année scolaire 2022/2023);PIAT (36) POLY;36 RUE PIAT;20ème Ardt;75120;;Polyvalent;"{""coordinates"": [2.3848223857345108, 48.87222675535386], ""type"": ""Point""}";48.87222675535386, 2.3848223857345108
MATERNELLES (année scolaire 2022/2023);TCHAIKOVSKI (7) MAT;7 RUE TCHAIKOVSKI;18ème Ardt;75118;2022-2023;Maternelle;"{""coordinates"": [2.364554543133914, 48.89418329402723], ""type"": ""Point""}";48.89418329402723, 2.364554543133914
MATERNELLES (année scolaire 2022/2023);BOUVINES (6) MAT;6 AVENUE DE BOUVINES;11ème Ardt;75111;2022-2023;Maternelle;"{""coordinates"": [2.3965802854443, 48.850254767889986], ""type"": ""Point""}";48.850254767889986, 2.3965802854443
MATERNELLES (année scolaire 2022/2023);VAUGIRARD (149) MAT;149 RUE DE VAUGIRARD;15ème Ardt;75115;2022-2023;Maternelle;"{""coordinates"": [2.316087899183691, 48.843913514632035], ""type"": ""Point""}";48.843913514632035, 2.316087899183691
MATERNELLES (année scolaire 2022/2023);GENERAL BRUNET (9) MAT;9 RUE DU GENERAL BRUNET;19ème Ardt;75119;2022-2023;Maternelle;"{""coordinates"": [2.390464622399146, 48.880405406428565], ""type"": ""Point""}";48.880405406428565, 2.390464622399146
MATERNELLES (année scolaire 2022/2023);BALARD (95) MAT;95 RUE BALARD;15ème Ardt;75115;2022-2023;Maternelle;"{""coordinates"": [2.2786549536473184, 48.837787585221214], ""type"": ""Point""}";48.837787585221214, 2.2786549536473184
MATERNELLES (année scolaire 2022/2023);MAROC (34) MAT;34 RUE DU MAROC;19ème Ardt;75119;2022-2023;Maternelle;"{""coordinates"": [2.3677383571474055, 48.88716202449678], ""type"": ""Point""}";48.88716202449678, 2.3677383571474055
MATERNELLES (année scolaire 2022/2023);LOUISE BOURGEOIS(19) POLY;19 RUE LOUISE BOURGEOIS;13ème Ardt;75113;;Polyvalent;"{""coordinates"": [2.3792231081235613, 48.82607471323481], ""type"": ""Point""}";48.82607471323481, 2.3792231081235613
MATERNELLES (année scolaire 2022/2023);OLIVIER METRA (31-33) MAT;32 RUE OLIVIER METRA;20ème Ardt;75120;2022-2023;Maternelle;"{""coordinates"": [2.393799457257276, 48.87306925545656], ""type"": ""Point""}";48.87306925545656, 2.393799457257276
MATERNELLES (année scolaire 2022/2023);ST LUC (3) MAT;3 RUE SAINT LUC;18ème Ardt;75118;2022-2023;Maternelle;"{""coordinates"": [2.354178637766867, 48.88563541815778], ""type"": ""Point""}";48.88563541815778, 2.354178637766867
MATERNELLES (année scolaire 2022/2023);JACQUES HILLAIRET (40) MAT;40 RUE JACQUES HILLAIRET;12ème Ardt;75112;2022-2023;Maternelle;"{""coordinates"": [2.3888485218292668, 48.84312589825902], ""type"": ""Point""}";48.84312589825902, 2.3888485218292668
MATERNELLES (année scolaire 2022/2023);BALANCHINE (8-10) POLY;8 RUE GEORGE BALANCHINE;13ème Ardt;75113;;Polyvalent;"{""coordinates"": [2.3736445553251295, 48.836467195826174], ""type"": ""Point""}";48.836467195826174, 2.3736445553251295
MATERNELLES (année scolaire 2022/2023);HOPITAL ST LOUIS (18) MAT;18 RUE DE L'HOPITAL ST LOUIS;10ème Ardt;75110;2022-2023;Maternelle;"{""coordinates"": [2.364626530917536, 48.87543269884432], ""type"": ""Point""}";48.87543269884432, 2.364626530917536
MATERNELLES (année scolaire 2022/2023);VITRUVE (68) MAT;68 RUE VITRUVE;20ème Ardt;75120;2022-2023;Maternelle;"{""coordinates"": [2.406797222388463, 48.85926120243894], ""type"": ""Point""}";48.85926120243894, 2.406797222388463
MATERNELLES (année scolaire 2022/2023);LONGUES RAIES (29) MAT;29 RUE DES LONGUES RAIES;13ème Ardt;75113;2022-2023;Maternelle;"{""coordinates"": [2.34765643185286, 48.82117989869816], ""type"": ""Point""}";48.82117989869816, 2.34765643185286
MATERNELLES (année scolaire 2022/2023);BELLES FEUILLES (3) POLY;3 IMPASSE DES BELLES FEUILLES;16ème Ardt;75116;;Polyvalent;"{""coordinates"": [2.2807781660877846, 48.868835717142865], ""type"": ""Point""}";48.868835717142865, 2.2807781660877846
MATERNELLES (année scolaire 2022/2023);FRANC NOHAIN (9) POLY;9 RUE FRANC NOHAIN;13ème Ardt;75113;;Polyvalent;"{""coordinates"": [2.3751822013075987, 48.821401135417254], ""type"": ""Point""}";48.821401135417254, 2.3751822013075987
MATERNELLES (année scolaire 2022/2023);PORTE D'IVRY (53) MAT;53 AVENUE DE LA PORTE D'IVRY;13ème Ardt;75113;2022-2023;Maternelle;"{""coordinates"": [2.369492732784261, 48.821185452670576], ""type"": ""Point""}";48.821185452670576, 2.369492732784261
MATERNELLES (année scolaire 2022/2023);BALEINE (5) MAT;5 IMPASSE DE LA BALEINE;11ème Ardt;75111;2022-2023;Maternelle;"{""coordinates"": [2.3777540791270133, 48.867205520438795], ""type"": ""Point""}";48.867205520438795, 2.3777540791270133
MATERNELLES (année scolaire 2022/2023);LEPAGE (11) MAT;11 CITE LEPAGE;19ème Ardt;75119;2022-2023;Maternelle;"{""coordinates"": [2.3713557889557557, 48.880426825311666], ""type"": ""Point""}";48.880426825311666, 2.3713557889557557
MATERNELLES (année scolaire 2022/2023);DISQUE (30) MAT;30 RUE DU DISQUE;13ème Ardt;75113;2022-2023;Maternelle;"{""coordinates"": [2.3646259156810836, 48.82566843285391], ""type"": ""Point""}";48.82566843285391, 2.3646259156810836
MATERNELLES (année scolaire 2022/2023);MAURICE ROUVIER (2) MAT;2 RUE MAURICE ROUVIER;14ème Ardt;75114;2022-2023;Maternelle;"{""coordinates"": [2.310572150253057, 48.83060046384505], ""type"": ""Point""}";48.83060046384505, 2.310572150253057
MATERNELLES (année scolaire 2022/2023);FAIDHERBE (18) MAT;18 RUE FAIDHERBE;11ème Ardt;75111;2022-2023;Maternelle;"{""coordinates"": [2.3839600736935282, 48.85159555285474], ""type"": ""Point""}";48.85159555285474, 2.3839600736935282
MATERNELLES (année scolaire 2022/2023);MAURICE RIPOCHE (55-61) MAT;55 RUE MAURICE RIPOCHE;14ème Ardt;75114;2022-2023;Maternelle;"{""coordinates"": [2.3230557242522005, 48.83323862802616], ""type"": ""Point""}";48.83323862802616, 2.3230557242522005
MATERNELLES (année scolaire 2022/2023);PICPUS (56) MAT;56 RUE DE PICPUS (ECOLE B);12ème Ardt;75112;2022-2023;Maternelle;"{""coordinates"": [2.396622583993179, 48.84359141551742], ""type"": ""Point""}";48.84359141551742, 2.396622583993179
MATERNELLES (année scolaire 2022/2023);TURENNE (52) MAT;52 RUE DE TURENNE;3ème Ardt;75103;2022-2023;Maternelle;"{""coordinates"": [2.3646137063340795, 48.858422160216655], ""type"": ""Point""}";48.858422160216655, 2.3646137063340795
MATERNELLES (année scolaire 2022/2023);TOURNELLES (21) POLY;21 RUE DES TOURNELLES;4ème Ardt;75104;;Polyvalent;"{""coordinates"": [2.3673903615961445, 48.85432879792764], ""type"": ""Point""}";48.85432879792764, 2.3673903615961445
MATERNELLES (année scolaire 2022/2023);AMIRAUX (19) MAT;19 RUE DES AMIRAUX;18ème Ardt;75118;2022-2023;Maternelle;"{""coordinates"": [2.350400755443511, 48.89461849697415], ""type"": ""Point""}";48.89461849697415, 2.350400755443511
MATERNELLES (année scolaire 2022/2023);DAUTANCOURT (16) MAT;16 RUE DAUTANCOURT;17ème Ardt;75117;2022-2023;Maternelle;"{""coordinates"": [2.3244059541388356, 48.88952282638536], ""type"": ""Point""}";48.88952282638536, 2.3244059541388356
MATERNELLES (année scolaire 2022/2023);ARMAND ROUSSEAU (13) MAT;13 AVENUE ARMAND ROUSSEAU;12ème Ardt;75112;2022-2023;Maternelle;"{""coordinates"": [2.4091531070899768, 48.83651227435612], ""type"": ""Point""}";48.83651227435612, 2.4091531070899768
MATERNELLES (année scolaire 2022/2023);JEAN BOUTON (7) MAT;7 RUE JEAN BOUTON;12ème Ardt;75112;2022-2023;Maternelle;"{""coordinates"": [2.3768421263359367, 48.84565118195942], ""type"": ""Point""}";48.84565118195942, 2.3768421263359367
MATERNELLES (année scolaire 2022/2023);PALESTINE (1) MAT;1 RUE DE PALESTINE;19ème Ardt;75119;2022-2023;Maternelle;"{""coordinates"": [2.389457135430761, 48.876395766374], ""type"": ""Point""}";48.876395766374, 2.389457135430761
MATERNELLES (année scolaire 2022/2023);DELAMBRE (24) MAT;24 RUE DELAMBRE;14ème Ardt;75114;2022-2023;Maternelle;"{""coordinates"": [2.326808868876013, 48.84159829348391], ""type"": ""Point""}";48.84159829348391, 2.326808868876013
MATERNELLES (année scolaire 2022/2023);SIMPLON (14) POLY;14 RUE SIMPLON;18ème Ardt;75118;;Polyvalent;"{""coordinates"": [2.3514565316595917, 48.89357315361589], ""type"": ""Point""}";48.89357315361589, 2.3514565316595917
MATERNELLES (année scolaire 2022/2023);44 ENFANTS D'IZIEU (2) POLY;2 PLACE DES 44 ENFANTS D'IZIEU;13ème Ardt;75113;;Polyvalent;"{""coordinates"": [2.3562566111428294, 48.82163734442746], ""type"": ""Point""}";48.82163734442746, 2.3562566111428294
MATERNELLES (année scolaire 2022/2023);PIERRE FONCIN (4) POLY B;4 RUE PIERRE FONCIN;20ème Ardt;75120;;Polyvalent;"{""coordinates"": [2.4093898611624813, 48.87134728251425], ""type"": ""Point""}";48.87134728251425, 2.4093898611624813
MATERNELLES (année scolaire 2022/2023);CHOMEL (8) POLY;8 RUE CHOMEL;7ème Ardt;75107;;Polyvalent;"{""coordinates"": [2.3255494745445104, 48.85217391881051], ""type"": ""Point""}";48.85217391881051, 2.3255494745445104
MATERNELLES (année scolaire 2022/2023);EUGENIE COTTON (20) MAT;20 RUE EUGENIE COTTON;19ème Ardt;75119;2022-2023;Maternelle;"{""coordinates"": [2.3950411328645584, 48.87880036365956], ""type"": ""Point""}";48.87880036365956, 2.3950411328645584
MATERNELLES (année scolaire 2022/2023);ARMAND CARREL (47) MAT;47 RUE ARMAND CARREL;19ème Ardt;75119;2022-2023;Maternelle;"{""coordinates"": [2.375784996693515, 48.88269976980857], ""type"": ""Point""}";48.88269976980857, 2.375784996693515
MATERNELLES (année scolaire 2022/2023);VITRUVE (61) MAT;61 RUE VITRUVE;20ème Ardt;75120;2022-2023;Maternelle;"{""coordinates"": [2.407038951132291, 48.85951672684382], ""type"": ""Point""}";48.85951672684382, 2.407038951132291
MATERNELLES (année scolaire 2022/2023);TOURELLES (5/7) POLY;5 RUE DES TOURELLES;20ème Ardt;75120;;Polyvalent;"{""coordinates"": [2.404086116145681, 48.87473729137813], ""type"": ""Point""}";48.87473729137813, 2.404086116145681
MATERNELLES (année scolaire 2022/2023);JOSEPH DE MAISTRE (94) MAT;94 RUE JOSEPH DE MAISTRE;18ème Ardt;75118;2022-2023;Maternelle;"{""coordinates"": [2.330324707554502, 48.89328502795117], ""type"": ""Point""}";48.89328502795117, 2.330324707554502
MATERNELLES (année scolaire 2022/2023);GUSTAVE ROUANET (1) MAT;1 RUE GUSTAVE ROUANET;18ème Ardt;75118;2022-2023;Maternelle;"{""coordinates"": [2.341541508231377, 48.89630661579061], ""type"": ""Point""}";48.89630661579061, 2.341541508231377
MATERNELLES (année scolaire 2022/2023);HOSPITAL. ST GERVAIS (10) POLY;10 R HOSPITALIERES ST GERVAIS;4ème Ardt;75104;;Polyvalent;"{""coordinates"": [2.3591417819637286, 48.85791478449449], ""type"": ""Point""}";48.85791478449449, 2.3591417819637286
MATERNELLES (année scolaire 2022/2023);SERGE PROKOFIEV (18) MAT;18 RUE SERGE PROKOFIEV;16ème Ardt;75116;2022-2023;Maternelle;"{""coordinates"": [2.2680199888586117, 48.85427581674809], ""type"": ""Point""}";48.85427581674809, 2.2680199888586117
MATERNELLES (année scolaire 2022/2023);PARMENTIER (155) MAT;155 AVENUE PARMENTIER;10ème Ardt;75110;2022-2023;Maternelle;"{""coordinates"": [2.3697138742502086, 48.871546803145414], ""type"": ""Point""}";48.871546803145414, 2.3697138742502086
MATERNELLES (année scolaire 2022/2023);CENDRIERS (20) MAT;20 RUE DES CENDRIERS;20ème Ardt;75120;2022-2023;Maternelle;"{""coordinates"": [2.3868861755356465, 48.86553823798571], ""type"": ""Point""}";48.86553823798571, 2.3868861755356465
MATERNELLES (année scolaire 2022/2023);PAUL ABADIE (1) MAT;1 RUE PAUL ABADIE;18ème Ardt;75118;2022-2023;Maternelle;"{""coordinates"": [2.3353798643758124, 48.89678109226198], ""type"": ""Point""}";48.89678109226198, 2.3353798643758124
MATERNELLES (année scolaire 2022/2023);ARCHEREAU (58) MAT;58 RUE ARCHEREAU;19ème Ardt;75119;2022-2023;Maternelle;"{""coordinates"": [2.3758189433980657, 48.892616094135704], ""type"": ""Point""}";48.892616094135704, 2.3758189433980657
MATERNELLES (année scolaire 2022/2023);FESSART (36) MAT;36 , RUE FESSART;19ème Ardt;75119;2022-2023;Maternelle;"{""coordinates"": [2.384559163669412, 48.87686359680913], ""type"": ""Point""}";48.87686359680913, 2.384559163669412
MATERNELLES (année scolaire 2022/2023);SOURDIERE (27) MAT;27 RUE DE LA SOURDIERE;1er Ardt;75101;2022-2023;Maternelle;"{""coordinates"": [2.3327061465965726, 48.866700680531174], ""type"": ""Point""}";48.866700680531174, 2.3327061465965726
MATERNELLES (année scolaire 2022/2023);VIOLET (38) MAT;38 RUE VIOLET;15ème Ardt;75115;2022-2023;Maternelle;"{""coordinates"": [2.2928549748661577, 48.84750408293091], ""type"": ""Point""}";48.84750408293091, 2.2928549748661577
MATERNELLES (année scolaire 2022/2023);ARCHEREAU (26) MAT;26 RUE ARCHEREAU;19ème Ardt;75119;2022-2023;Maternelle;"{""coordinates"": [2.3734492916377015, 48.8902454147388], ""type"": ""Point""}";48.8902454147388, 2.3734492916377015
MATERNELLES (année scolaire 2022/2023);HENRI NOGUERES (10) POLY;10 RUE HENRI NOGUERES;19ème Ardt;75119;;Polyvalent;"{""coordinates"": [2.3746839087651463, 48.88463842304931], ""type"": ""Point""}";48.88463842304931, 2.3746839087651463
MATERNELLES (année scolaire 2022/2023);LE VAU (8) MAT;8 RUE LE VAU;20ème Ardt;75120;2022-2023;Maternelle;"{""coordinates"": [2.411400845020113, 48.86636875700862], ""type"": ""Point""}";48.86636875700862, 2.411400845020113
MATERNELLES (année scolaire 2022/2023);LAMARCK (4) MAT;4 SQUARE LAMARCK;18ème Ardt;75118;2022-2023;Maternelle;"{""coordinates"": [2.3358105724238714, 48.89077288473815], ""type"": ""Point""}";48.89077288473815, 2.3358105724238714
MATERNELLES (année scolaire 2022/2023);POULLETIER (18) MAT;18 RUE POULLETIER;4ème Ardt;75104;2022-2023;Maternelle;"{""coordinates"": [2.3583141395507186, 48.85147073607516], ""type"": ""Point""}";48.85147073607516, 2.3583141395507186
MATERNELLES (année scolaire 2022/2023);BOY  ZELENSKI (5) MAT;5 RUE BOY ZELENSKI;10ème Ardt;75110;2022-2023;Maternelle;"{""coordinates"": [2.36788662396696, 48.87683463546491], ""type"": ""Point""}";48.87683463546491, 2.36788662396696
MATERNELLES (année scolaire 2022/2023);MARGUERITE LONG (5) POLY;5 RUE MARGUERITE LONG;17ème Ardt;75117;;Polyvalent;"{""coordinates"": [2.304519099872852, 48.89101309347151], ""type"": ""Point""}";48.89101309347151, 2.304519099872852
MATERNELLES (année scolaire 2022/2023);CHAPON (25) MAT;25 RUE CHAPON;3ème Ardt;75103;2022-2023;Maternelle;"{""coordinates"": [2.3551721155360243, 48.86362012574478], ""type"": ""Point""}";48.86362012574478, 2.3551721155360243
MATERNELLES (année scolaire 2022/2023);ROQUEPINE (16) MAT;16 RUE ROQUEPINE;8ème Ardt;75108;2022-2023;Maternelle;"{""coordinates"": [2.318497869053551, 48.87335071943499], ""type"": ""Point""}";48.87335071943499, 2.318497869053551
MATERNELLES (année scolaire 2022/2023);DEPARTEMENT (51) MAT;51 RUE DU DEPARTEMENT;18ème Ardt;75118;2022-2023;Maternelle;"{""coordinates"": [2.361872957417844, 48.88647962509409], ""type"": ""Point""}";48.88647962509409, 2.361872957417844
MATERNELLES (année scolaire 2022/2023);LAHIRE (13) MAT;13 RUE LAHIRE;13ème Ardt;75113;2022-2023;Maternelle;"{""coordinates"": [2.3664610451653667, 48.82965725478757], ""type"": ""Point""}";48.82965725478757, 2.3664610451653667
MATERNELLES (année scolaire 2022/2023);CONVENTION (78) POLY;78 RUE DE LA CONVENTION;15ème Ardt;75115;;Polyvalent;"{""coordinates"": [2.2847863656369185, 48.84239912308548], ""type"": ""Point""}";48.84239912308548, 2.2847863656369185
MATERNELLES (année scolaire 2022/2023);MOURAUD (9) MAT;9 RUE MOURAUD;20ème Ardt;75120;2022-2023;Maternelle;"{""coordinates"": [2.4074930731619624, 48.854931628609414], ""type"": ""Point""}";48.854931628609414, 2.4074930731619624
MATERNELLES (année scolaire 2022/2023);ST ANDRE DES ARTS (39) MAT;39 RUE SAINT ANDRE DES ARTS;6ème Ardt;75106;2022-2023;Maternelle;"{""coordinates"": [2.3413056192165023, 48.85327367373054], ""type"": ""Point""}";48.85327367373054, 2.3413056192165023
MATERNELLES (année scolaire 2022/2023);RUISSEAU (6) MAT;6 RUE DU RUISSEAU;18ème Ardt;75118;2022-2023;Maternelle;"{""coordinates"": [2.3398615476756537, 48.891715709081886], ""type"": ""Point""}";48.891715709081886, 2.3398615476756537
MATERNELLES (année scolaire 2022/2023);ROCHECHOUART (68) MAT;68 RUE DE ROCHECHOUART;9ème Ardt;75109;2022-2023;Maternelle;"{""coordinates"": [2.346594385299589, 48.881386665636555], ""type"": ""Point""}";48.881386665636555, 2.346594385299589
MATERNELLES (année scolaire 2022/2023);GILBERT CESBRON (1) POLY;1 RUE GILBERT CESBRON;17ème Ardt;75117;;Polyvalent;"{""coordinates"": [2.3141714544791356, 48.89340359717558], ""type"": ""Point""}";48.89340359717558, 2.3141714544791356
MATERNELLES (année scolaire 2022/2023);MOUSSY (9) POLY;9 RUE DE MOUSSY;4ème Ardt;75104;;Polyvalent;"{""coordinates"": [2.355622850347276, 48.857756219209755], ""type"": ""Point""}";48.857756219209755, 2.355622850347276
MATERNELLES (année scolaire 2022/2023);ALQUIER DEBROUSSE (12) POLY;12 ALLEE ALQUIER DEBROUSSE;20ème Ardt;75120;;Polyvalent;"{""coordinates"": [2.4083763117233428, 48.86126569638179], ""type"": ""Point""}";48.86126569638179, 2.4083763117233428
MATERNELLES (année scolaire 2022/2023);POISSY (27) MAT;27 RUE DE POISSY;5ème Ardt;75105;2022-2023;Maternelle;"{""coordinates"": [2.3522779256679183, 48.84859293787835], ""type"": ""Point""}";48.84859293787835, 2.3522779256679183
MATERNELLES (année scolaire 2022/2023);MACDONALD (118) POLY;118 BOULEVARD MACDONALD;19ème Ardt;75119;;Polyvalent;"{""coordinates"": [2.3813455643169386, 48.899088333111806], ""type"": ""Point""}";48.899088333111806, 2.3813455643169386
MATERNELLES (année scolaire 2022/2023);CLAUZEL (12) MAT;12 RUE CLAUZEL;9ème Ardt;75109;2022-2023;Maternelle;"{""coordinates"": [2.3386679531825516, 48.87916167628801], ""type"": ""Point""}";48.87916167628801, 2.3386679531825516
MATERNELLES (année scolaire 2022/2023);SAUSSURE (48) MAT;48 RUE DE SAUSSURE;17ème Ardt;75117;2022-2023;Maternelle;"{""coordinates"": [2.3152503865210172, 48.885193147775894], ""type"": ""Point""}";48.885193147775894, 2.3152503865210172
MATERNELLES (année scolaire 2022/2023);AUGUSTE PERRET (11) MAT;11 RUE AUGUSTE PERRET;13ème Ardt;75113;2022-2023;Maternelle;"{""coordinates"": [2.3594097043633173, 48.82474059706989], ""type"": ""Point""}";48.82474059706989, 2.3594097043633173
MATERNELLES (année scolaire 2022/2023);JEANNE D'ARC (32) MAT;32 PLACE JEANNE D'ARC;13ème Ardt;75113;2022-2023;Maternelle;"{""coordinates"": [2.3680986900639502, 48.830265125567216], ""type"": ""Point""}";48.830265125567216, 2.3680986900639502
MATERNELLES (année scolaire 2022/2023);GUSTAVE DORE (3) MAT;3 RUE GUSTAVE DORE;17ème Ardt;75117;2022-2023;Maternelle;"{""coordinates"": [2.3030123575132366, 48.886244964050015], ""type"": ""Point""}";48.886244964050015, 2.3030123575132366
MATERNELLES (année scolaire 2022/2023);GRANDS CHAMPS (22) MAT;12 RUE DES GRANDS CHAMPS;20ème Ardt;75120;2022-2023;Maternelle;"{""coordinates"": [2.3997425535541916, 48.850458534708345], ""type"": ""Point""}";48.850458534708345, 2.3997425535541916
MATERNELLES (année scolaire 2022/2023);FOREST (14) POLY;14 RUE FOREST;18ème Ardt;75118;;Polyvalent;"{""coordinates"": [2.3290873902091733, 48.885733364741284], ""type"": ""Point""}";48.885733364741284, 2.3290873902091733
MATERNELLES (année scolaire 2022/2023);CROULEBARBE (11) MAT;11 RUE DE CROULEBARBE;13ème Ardt;75113;2022-2023;Maternelle;"{""coordinates"": [2.3523229157355527, 48.834109325760174], ""type"": ""Point""}";48.834109325760174, 2.3523229157355527
MATERNELLES (année scolaire 2022/2023);SIBELLE (13) POLY;13 AVENUE DE LA SIBELLE;14ème Ardt;75114;;Polyvalent;"{""coordinates"": [2.338465797187959, 48.825976518289444], ""type"": ""Point""}";48.825976518289444, 2.338465797187959
MATERNELLES (année scolaire 2022/2023);EMELIE (8) MAT;8 PASSAGE EMELIE;19ème Ardt;75119;2022-2023;Maternelle;"{""coordinates"": [2.3785437172629473, 48.88975048936246], ""type"": ""Point""}";48.88975048936246, 2.3785437172629473
MATERNELLES (année scolaire 2022/2023);DOMREMY (15) MAT;15 RUE DE DOMREMY;13ème Ardt;75113;2022-2023;Maternelle;"{""coordinates"": [2.373003852006348, 48.83027038814626], ""type"": ""Point""}";48.83027038814626, 2.373003852006348
MATERNELLES (année scolaire 2022/2023);CARNOT (16) MAT;16 BOULEVARD CARNOT;12ème Ardt;75112;2022-2023;Maternelle;"{""coordinates"": [2.4122502419822465, 48.84473017003697], ""type"": ""Point""}";48.84473017003697, 2.4122502419822465
MATERNELLES (année scolaire 2022/2023);MERLIN (14) MAT;14 RUE MERLIN;11ème Ardt;75111;2022-2023;Maternelle;"{""coordinates"": [2.3858426019030787, 48.860003027234214], ""type"": ""Point""}";48.860003027234214, 2.3858426019030787
MATERNELLES (année scolaire 2022/2023);ST DOMINIQUE (117 B) MAT;117 bis RUE SAINT DOMINIQUE;7ème Ardt;75107;2022-2023;Maternelle;"{""coordinates"": [2.304324505511373, 48.858949371483625], ""type"": ""Point""}";48.858949371483625, 2.304324505511373
MATERNELLES (année scolaire 2022/2023);MACDONALD (141) POLY;141 BOULEVARD MACDONALD;19ème Ardt;75119;;Polyvalent;"{""coordinates"": [2.3797415138896936, 48.89862625694644], ""type"": ""Point""}";48.89862625694644, 2.3797415138896936
MATERNELLES (année scolaire 2022/2023);LESSEPS (9) MAT;9 RUE DE LESSEPS;20ème Ardt;75120;2022-2023;Maternelle;"{""coordinates"": [2.4001687751364003, 48.858711483181985], ""type"": ""Point""}";48.858711483181985, 2.4001687751364003
MATERNELLES (année scolaire 2022/2023);CHAT.DES RENTIERS (31) MAT;31 RUE DU CHATEAU DES RENTIERS;13ème Ardt;75113;2022-2023;Maternelle;"{""coordinates"": [2.37017597547993, 48.82431489842899], ""type"": ""Point""}";48.82431489842899, 2.37017597547993
MATERNELLES (année scolaire 2022/2023);HIPPOLYTE MAINDRON (48) MAT;48 RUE HIPPOLYTE MAINDRON;14ème Ardt;75114;2022-2023;Maternelle;"{""coordinates"": [2.320559194450543, 48.83040457696267], ""type"": ""Point""}";48.83040457696267, 2.320559194450543
MATERNELLES (année scolaire 2022/2023);MEUNIERS (40) MAT;40 RUE DES MEUNIERS;12ème Ardt;75112;2022-2023;Maternelle;"{""coordinates"": [2.3965082714453056, 48.8348153848075], ""type"": ""Point""}";48.8348153848075, 2.3965082714453056
MATERNELLES (année scolaire 2022/2023);ST JACQUES (242) MAT;242 RUE SAINT JACQUES;5ème Ardt;75105;2022-2023;Maternelle;"{""coordinates"": [2.341796448092999, 48.84408614987625], ""type"": ""Point""}";48.84408614987625, 2.341796448092999
MATERNELLES (année scolaire 2022/2023);PICPUS (45) MAT;45 RUE DE PICPUS;12ème Ardt;75112;2022-2023;Maternelle;"{""coordinates"": [2.396969894674865, 48.843464817594764], ""type"": ""Point""}";48.843464817594764, 2.396969894674865
MATERNELLES (année scolaire 2022/2023);EMILE BOLLAERT (53) POLY;53 RUE EMILE BOLLAERT;19ème Ardt;75119;;Polyvalent;"{""coordinates"": [2.3746351915586983, 48.89969071537215], ""type"": ""Point""}";48.89969071537215, 2.3746351915586983
MATERNELLES (année scolaire 2022/2023);RECOLLETS (23) MAT;23 PASSAGE DES RECOLLETS;10ème Ardt;75110;2022-2023;Maternelle;"{""coordinates"": [2.3606602751767336, 48.87458896279983], ""type"": ""Point""}";48.87458896279983, 2.3606602751767336
MATERNELLES (année scolaire 2022/2023);BIENFAISANCE (12) MAT;12 RUE DE LA BIENFAISANCE;8ème Ardt;75108;2022-2023;Maternelle;"{""coordinates"": [2.320127040372979, 48.87681496263421], ""type"": ""Point""}";48.87681496263421, 2.320127040372979
MATERNELLES (année scolaire 2022/2023);GOUTTE D'OR (57) POLY;57 RUE DE LA GOUTTE D'OR;18ème Ardt;75118;;Polyvalent;"{""coordinates"": [2.350931337623831, 48.88502480929333], ""type"": ""Point""}";48.88502480929333, 2.350931337623831
MATERNELLES (année scolaire 2022/2023);LOUIS BLANC (49) MAT;49 RUE LOUIS BLANC;10ème Ardt;75110;2022-2023;Maternelle;"{""coordinates"": [2.3627938854253534, 48.8822596667687], ""type"": ""Point""}";48.8822596667687, 2.3627938854253534
MATERNELLES (année scolaire 2022/2023);MORILLONS (40) MAT;40 RUE DES MORILLONS;15ème Ardt;75115;2022-2023;Maternelle;"{""coordinates"": [2.3014115504826536, 48.83227788053154], ""type"": ""Point""}";48.83227788053154, 2.3014115504826536
MATERNELLES (année scolaire 2022/2023);JEAN DOLENT (11) MAT;11 RUE JEAN DOLENT;14ème Ardt;75114;2022-2023;Maternelle;"{""coordinates"": [2.3399737460881616, 48.83328658416705], ""type"": ""Point""}";48.83328658416705, 2.3399737460881616
MATERNELLES (année scolaire 2022/2023);BRETONNEAU (12) MAT;12 RUE BRETONNEAU;20ème Ardt;75120;2022-2023;Maternelle;"{""coordinates"": [2.403113236197998, 48.867556140298355], ""type"": ""Point""}";48.867556140298355, 2.403113236197998
MATERNELLES (année scolaire 2022/2023);AMPERE (18) MAT;18 RUE AMPERE;17ème Ardt;75117;2022-2023;Maternelle;"{""coordinates"": [2.3049460969373756, 48.88531855079069], ""type"": ""Point""}";48.88531855079069, 2.3049460969373756
MATERNELLES (année scolaire 2022/2023);BOURSAULT (10) POLY;10 RUE BOURSAULT;17ème Ardt;75117;;Polyvalent;"{""coordinates"": [2.3207974578832173, 48.882953381230074], ""type"": ""Point""}";48.882953381230074, 2.3207974578832173
MATERNELLES (année scolaire 2022/2023);GROS (18) POLY;18 RUE GROS;16ème Ardt;75116;;Polyvalent;"{""coordinates"": [2.2761485510551496, 48.85138249712522], ""type"": ""Point""}";48.85138249712522, 2.2761485510551496
MATERNELLES (année scolaire 2022/2023);TANDOU (16) POLY;16 RUE TANDOU;19ème Ardt;75119;;Polyvalent;"{""coordinates"": [2.3799596807432652, 48.886153622529065], ""type"": ""Point""}";48.886153622529065, 2.3799596807432652
MATERNELLES (année scolaire 2022/2023);EVA KOTCHEVER (4) POLY;4 RUE EVA KOTCHEVER;18ème Ardt;75118;;Polyvalent;"{""coordinates"": [2.3576876625309735, 48.89716088986233], ""type"": ""Point""}";48.89716088986233, 2.3576876625309735
MATERNELLES (année scolaire 2022/2023);M. ROSTROPOVITCH (56) MAT;56 RUE MSTISLAV ROSTROPOVITCH;17ème Ardt;75117;2022-2023;Maternelle;"{""coordinates"": [2.311435604063327, 48.89092291810394], ""type"": ""Point""}";48.89092291810394, 2.311435604063327
MATERNELLES (année scolaire 2022/2023);CHAT.DES RENTIERS (103) MAT;103 RUE CHATEAU DES RENTIERS;13ème Ardt;75113;2022-2023;Maternelle;"{""coordinates"": [2.3672108439047443, 48.828173837361305], ""type"": ""Point""}";48.828173837361305, 2.3672108439047443
MATERNELLES (année scolaire 2022/2023);SARRETTE (34) MAT;34 RUE SARRETTE;14ème Ardt;75114;2022-2023;Maternelle;"{""coordinates"": [2.3283994663011387, 48.8260079589964], ""type"": ""Point""}";48.8260079589964, 2.3283994663011387
MATERNELLES (année scolaire 2022/2023);LE VAU (10) POLY;10 RUE LE VAU;20ème Ardt;75120;;Polyvalent;"{""coordinates"": [2.4113117143747926, 48.86659751849793], ""type"": ""Point""}";48.86659751849793, 2.4113117143747926
MATERNELLES (année scolaire 2022/2023);MAURICE D'OCAGNE (7) MAT;7 AVENUE MAURICE D'OCAGNE;14ème Ardt;75114;2022-2023;Maternelle;"{""coordinates"": [2.3121556478273724, 48.82469959361119], ""type"": ""Point""}";48.82469959361119, 2.3121556478273724
MATERNELLES (année scolaire 2022/2023);THEODORE DECK (2) MAT;2 RUE THEODORE DECK;15ème Ardt;75115;2022-2023;Maternelle;"{""coordinates"": [2.29072331374383, 48.83766552711036], ""type"": ""Point""}";48.83766552711036, 2.29072331374383
MATERNELLES (année scolaire 2022/2023);RICHOMME (18) MAT;18 RUE RICHOMME;18ème Ardt;75118;2022-2023;Maternelle;"{""coordinates"": [2.3514285246115896, 48.886354513529774], ""type"": ""Point""}";48.886354513529774, 2.3514285246115896
MATERNELLES (année scolaire 2022/2023);POPINCOURT (9) MAT;9 RUE POPINCOURT;11ème Ardt;75111;2022-2023;Maternelle;"{""coordinates"": [2.3773187394289477, 48.857379056284046], ""type"": ""Point""}";48.857379056284046, 2.3773187394289477
MATERNELLES (année scolaire 2022/2023);GEORGES THILL (11) MAT;11 RUE GEORGES THILL;19ème Ardt;75119;2022-2023;Maternelle;"{""coordinates"": [2.3888848009898425, 48.886701688305166], ""type"": ""Point""}";48.886701688305166, 2.3888848009898425
MATERNELLES (année scolaire 2022/2023);ALESIA (190) MAT;190 RUE D'ALESIA;14ème Ardt;75114;2022-2023;Maternelle;"{""coordinates"": [2.3126541009177255, 48.83256626226925], ""type"": ""Point""}";48.83256626226925, 2.3126541009177255
MATERNELLES (année scolaire 2022/2023);DUSSOUBS (12) MAT;12 RUE DUSSOUBS;2ème Ardt;75102;2022-2023;Maternelle;"{""coordinates"": [2.348684839726449, 48.86514430460781], ""type"": ""Point""}";48.86514430460781, 2.348684839726449
MATERNELLES (année scolaire 2022/2023);MARYSE HILSZ (18) MAT;18 RUE MARYSE HILSZ;20ème Ardt;75120;2022-2023;Maternelle;"{""coordinates"": [2.412917325457624, 48.850618882419965], ""type"": ""Point""}";48.850618882419965, 2.412917325457624
MATERNELLES (année scolaire 2022/2023);PEREIRE (221) MAT;221 BOULEVARD PEREIRE;17ème Ardt;75117;2022-2023;Maternelle;"{""coordinates"": [2.2892896889989873, 48.88056489268451], ""type"": ""Point""}";48.88056489268451, 2.2892896889989873
MATERNELLES (année scolaire 2022/2023);PRIMO LEVI (21) POLY;21 RUE PRIMO LEVI;13ème Ardt;75113;;Polyvalent;"{""coordinates"": [2.378744900613383, 48.830541965283786], ""type"": ""Point""}";48.830541965283786, 2.378744900613383
MATERNELLES (année scolaire 2022/2023);ECLUSES ST MARTIN (28) MAT;28 RUE DES ECLUSES ST MARTIN;10ème Ardt;75110;2022-2023;Maternelle;"{""coordinates"": [2.366224200007562, 48.87726879165703], ""type"": ""Point""}";48.87726879165703, 2.366224200007562
MATERNELLES (année scolaire 2022/2023);COLETTE MAGNY(21) MAT;21 RUE COLETTE MAGNY;19ème Ardt;75119;2022-2023;Maternelle;"{""coordinates"": [2.374620279812698, 48.89490828414763], ""type"": ""Point""}";48.89490828414763, 2.374620279812698
MATERNELLES (année scolaire 2022/2023);JOUFFROY (20) MAT;20 RUE JOUFFROY D'ABBANS;17ème Ardt;75117;2022-2023;Maternelle;"{""coordinates"": [2.310896770755844, 48.886500433015385], ""type"": ""Point""}";48.886500433015385, 2.310896770755844
MATERNELLES (année scolaire 2022/2023);CLOS (18) MAT;18 RUE DU CLOS;20ème Ardt;75120;2022-2023;Maternelle;"{""coordinates"": [2.407068203473641, 48.857226830493836], ""type"": ""Point""}";48.857226830493836, 2.407068203473641
MATERNELLES (année scolaire 2022/2023);FERDINAND FLOCON (3) MAT;3 RUE FERDINAND FLOCON;18ème Ardt;75118;2022-2023;Maternelle;"{""coordinates"": [2.3456486054410246, 48.89126196618973], ""type"": ""Point""}";48.89126196618973, 2.3456486054410246
MATERNELLES (année scolaire 2022/2023);VAUVENARGUES (52) MAT;52 RUE VAUVENARGUES;18ème Ardt;75118;2022-2023;Maternelle;"{""coordinates"": [2.331537079400387, 48.895418518323694], ""type"": ""Point""}";48.895418518323694, 2.331537079400387
MATERNELLES (année scolaire 2022/2023);CAPITAINE LAGACHE (21) MAT;21 RUE DU CAPITAINE LAGACHE;17ème Ardt;75117;2022-2023;Maternelle;"{""coordinates"": [2.325275514737551, 48.892144085911646], ""type"": ""Point""}";48.892144085911646, 2.325275514737551
MATERNELLES (année scolaire 2022/2023);EUPATORIA (15) MAT;15 RUE D'EUPATORIA;20ème Ardt;75120;2022-2023;Maternelle;"{""coordinates"": [2.3873358677106116, 48.86889592379885], ""type"": ""Point""}";48.86889592379885, 2.3873358677106116
MATERNELLES (année scolaire 2022/2023);CHARLES HERMITE (2) MAT;2 RUE CHARLES HERMITE;18ème Ardt;75118;2022-2023;Maternelle;"{""coordinates"": [2.369872461060125, 48.89991713437065], ""type"": ""Point""}";48.89991713437065, 2.369872461060125
MATERNELLES (année scolaire 2022/2023);MURAT (162) MAT;162 BOULEVARD MURAT;16ème Ardt;75116;2022-2023;Maternelle;"{""coordinates"": [2.265105062095442, 48.838953773242956], ""type"": ""Point""}";48.838953773242956, 2.265105062095442
MATERNELLES (année scolaire 2022/2023);CAMBRAI (5) MAT;5 bis RUE DE CAMBRAI;19ème Ardt;75119;2022-2023;Maternelle;"{""coordinates"": [2.3777865615423885, 48.89455724765255], ""type"": ""Point""}";48.89455724765255, 2.3777865615423885
MATERNELLES (année scolaire 2022/2023);BERNARD BUFFET (14) POLY;14 RUE BERNARD BUFFET;17ème Ardt;75117;;Polyvalent;"{""coordinates"": [2.3160474717627473, 48.891687680548905], ""type"": ""Point""}";48.891687680548905, 2.3160474717627473
MATERNELLES (année scolaire 2022/2023);PRESENTATION (4B) MAT;4 bis RUE DE LA PRESENTATION;11ème Ardt;75111;2022-2023;Maternelle;"{""coordinates"": [2.377028243622058, 48.87101001795684], ""type"": ""Point""}";48.87101001795684, 2.377028243622058
MATERNELLES (année scolaire 2022/2023);KUSS (8) POLY;8 RUE KUSS;13ème Ardt;75113;;Polyvalent;"{""coordinates"": [2.351305571901135, 48.8222309853145], ""type"": ""Point""}";48.8222309853145, 2.351305571901135
MATERNELLES (année scolaire 2022/2023);CEPRE (13) MAT;13 RUE CEPRE;15ème Ardt;75115;2022-2023;Maternelle;"{""coordinates"": [2.303604368736968, 48.846624363452094], ""type"": ""Point""}";48.846624363452094, 2.303604368736968
MATERNELLES (année scolaire 2022/2023);ARISTIDE MAILLOL (15) MAT;15 RUE ARISTIDE MAILLOL;15ème Ardt;75115;2022-2023;Maternelle;"{""coordinates"": [2.312413082838331, 48.837855797585014], ""type"": ""Point""}";48.837855797585014, 2.312413082838331
MATERNELLES (année scolaire 2022/2023);CHARDON LAGACHE (64) MAT;64 RUE CHARDON LAGACHE;16ème Ardt;75116;2022-2023;Maternelle;"{""coordinates"": [2.2642222829511116, 48.84236112820665], ""type"": ""Point""}";48.84236112820665, 2.2642222829511116
MATERNELLES (année scolaire 2022/2023);MARTEL (9) MAT;9 RUE MARTEL;10ème Ardt;75110;2022-2023;Maternelle;"{""coordinates"": [2.3529146234831875, 48.873975166082054], ""type"": ""Point""}";48.873975166082054, 2.3529146234831875
MATERNELLES (année scolaire 2022/2023);RODIER (30) MAT;30 RUE RODIER;9ème Ardt;75109;2022-2023;Maternelle;"{""coordinates"": [2.343003990474678, 48.87870345656933], ""type"": ""Point""}";48.87870345656933, 2.343003990474678
MATERNELLES (année scolaire 2022/2023);OLIVIER METRA (29) MAT;29 RUE OLIVIER METRA;20ème Ardt;75120;2022-2023;Maternelle;"{""coordinates"": [2.393865538583321, 48.87297651621066], ""type"": ""Point""}";48.87297651621066, 2.393865538583321
MATERNELLES (année scolaire 2022/2023);GODEFROY CAVAIGNAC (31) MAT;31 RUE GODEFROY CAVAIGNAC;11ème Ardt;75111;2022-2023;Maternelle;"{""coordinates"": [2.380704174603892, 48.855760916573004], ""type"": ""Point""}";48.855760916573004, 2.380704174603892
MATERNELLES (année scolaire 2022/2023);ELISA LEMONNIER (15) MAT;15 RUE ELISA LEMONNIER;12ème Ardt;75112;2022-2023;Maternelle;"{""coordinates"": [2.3894443244272425, 48.8408390379134], ""type"": ""Point""}";48.8408390379134, 2.3894443244272425
MATERNELLES (année scolaire 2022/2023);PAUL DUBOIS (6) MAT;;3ème Ardt;75103;2022-2023;Maternelle;"{""coordinates"": [2.361363398296804, 48.865333986587366], ""type"": ""Point""}";48.865333986587366, 2.361363398296804
MATERNELLES (année scolaire 2022/2023);VOLTAIRE (6) MAT;6 CITE VOLTAIRE;11ème Ardt;75111;2022-2023;Maternelle;"{""coordinates"": [2.3900839755646204, 48.85257530745052], ""type"": ""Point""}";48.85257530745052, 2.3900839755646204
MATERNELLES (année scolaire 2022/2023);EBLE (14) MAT;14 RUE EBLE;7ème Ardt;75107;2022-2023;Maternelle;"{""coordinates"": [2.3129223063567297, 48.84899535283046], ""type"": ""Point""}";48.84899535283046, 2.3129223063567297
MATERNELLES (année scolaire 2022/2023);FRANCOIS COPPEE (10) MAT;10 RUE FRANCOIS COPPEE;15ème Ardt;75115;2022-2023;Maternelle;"{""coordinates"": [2.287597766254118, 48.839927003681424], ""type"": ""Point""}";48.839927003681424, 2.287597766254118
MATERNELLES (année scolaire 2022/2023);JONGKIND (3) MAT;3 RUE JONGKIND;15ème Ardt;75115;2022-2023;Maternelle;"{""coordinates"": [2.2796129979538935, 48.83926395142047], ""type"": ""Point""}";48.83926395142047, 2.2796129979538935
MATERNELLES (année scolaire 2022/2023);JENNER (46) MAT;46 RUE JENNER;13ème Ardt;75113;2022-2023;Maternelle;"{""coordinates"": [2.36087574556163, 48.83603938481635], ""type"": ""Point""}";48.83603938481635, 2.36087574556163
MATERNELLES (année scolaire 2022/2023);POMMARD (33) MAT;33 RUE DE POMMARD;12ème Ardt;75112;2022-2023;Maternelle;"{""coordinates"": [2.3837080784822082, 48.83641592073815], ""type"": ""Point""}";48.83641592073815, 2.3837080784822082
MATERNELLES (année scolaire 2022/2023);BOISSIERE (56) POLY;56 RUE BOISSIERE;16ème Ardt;75116;;Polyvalent;"{""coordinates"": [2.288044144313185, 48.86804861016124], ""type"": ""Point""}";48.86804861016124, 2.288044144313185
MATERNELLES (année scolaire 2022/2023);FRANCOISE DORLEAC (2) MAT;2 PLACE FRANCOISE DORLEAC;18ème Ardt;75118;2022-2023;Maternelle;"{""coordinates"": [2.337452792317367, 48.8993899007631], ""type"": ""Point""}";48.8993899007631, 2.337452792317367
MATERNELLES (année scolaire 2022/2023);CHOISY (4 B) MAT;4 bis AVENUE DE CHOISY;13ème Ardt;75113;2022-2023;Maternelle;"{""coordinates"": [2.3648627277329224, 48.82064046139026], ""type"": ""Point""}";48.82064046139026, 2.3648627277329224
MATERNELLES (année scolaire 2022/2023);CHRISTIANI (8) MAT;8 RUE CHRISTIANI;18ème Ardt;75118;2022-2023;Maternelle;"{""coordinates"": [2.3487390783143707, 48.88595158914906], ""type"": ""Point""}";48.88595158914906, 2.3487390783143707
MATERNELLES (année scolaire 2022/2023);PARADIS (20) MAT;;10ème Ardt;75110;2022-2023;Maternelle;"{""coordinates"": [2.3535442338358408, 48.874871515601875], ""type"": ""Point""}";48.874871515601875, 2.3535442338358408
MATERNELLES (année scolaire 2022/2023);REUNION (91) MAT;91 RUE DE LA REUNION;20ème Ardt;75120;2022-2023;Maternelle;"{""coordinates"": [2.4002559638159915, 48.856442689325206], ""type"": ""Point""}";48.856442689325206, 2.4002559638159915
MATERNELLES (année scolaire 2022/2023);LACHAMBEAUDIE (2) MAT;2 PLACE LACHAMBEAUDIE;12ème Ardt;75112;2022-2023;Maternelle;"{""coordinates"": [2.3863978230518272, 48.835561932249675], ""type"": ""Point""}";48.835561932249675, 2.3863978230518272
MATERNELLES (année scolaire 2022/2023);CLOYS (41) MAT;33 RUE DES CLOYS;18ème Ardt;75118;2022-2023;Maternelle;"{""coordinates"": [2.3382587769550267, 48.892933147554274], ""type"": ""Point""}";48.892933147554274, 2.3382587769550267
MATERNELLES (année scolaire 2022/2023);LONGCHAMP (130) MAT;130 RUE DE LONGCHAMP;16ème Ardt;75116;2022-2023;Maternelle;"{""coordinates"": [2.2782542113508386, 48.86727564812386], ""type"": ""Point""}";48.86727564812386, 2.2782542113508386
MATERNELLES (année scolaire 2022/2023);LOUIS VIERNE (6) MAT;6 RUE LOUIS VIERNE;17ème Ardt;75117;2022-2023;Maternelle;"{""coordinates"": [2.290018854657438, 48.888124404729375], ""type"": ""Point""}";48.888124404729375, 2.290018854657438
MATERNELLES (année scolaire 2022/2023);POISSONNIERS (142) POLY;142 RUE DES POISSONNIERS;18ème Ardt;75118;;Polyvalent;"{""coordinates"": [2.3530219082435435, 48.896813673292016], ""type"": ""Point""}";48.896813673292016, 2.3530219082435435
MATERNELLES (année scolaire 2022/2023);COURONNES (94) MAT;94 RUE DES COURONNES;20ème Ardt;75120;2022-2023;Maternelle;"{""coordinates"": [2.3876725121646776, 48.870420609539615], ""type"": ""Point""}";48.870420609539615, 2.3876725121646776
MATERNELLES (année scolaire 2022/2023);MOSCOU (7) MAT;7 RUE DE MOSCOU;8ème Ardt;75108;2022-2023;Maternelle;"{""coordinates"": [2.3259924572838835, 48.88003521690321], ""type"": ""Point""}";48.88003521690321, 2.3259924572838835
MATERNELLES (année scolaire 2022/2023);TORCY (10-12) MAT;10 RUE DE TORCY;18ème Ardt;75118;2022-2023;Maternelle;"{""coordinates"": [2.3640416412674057, 48.8912764132004], ""type"": ""Point""}";48.8912764132004, 2.3640416412674057
MATERNELLES (année scolaire 2022/2023);DECAMPS (4) POLY;4 RUE DECAMPS;16ème Ardt;75116;;Polyvalent;"{""coordinates"": [2.2825335586619566, 48.865251799611215], ""type"": ""Point""}";48.865251799611215, 2.2825335586619566
MATERNELLES (année scolaire 2022/2023);LECOMTE (6) POLY;6 RUE LECOMTE;17ème Ardt;75117;;Polyvalent;"{""coordinates"": [2.321071444973094, 48.88867104666562], ""type"": ""Point""}";48.88867104666562, 2.321071444973094
MATERNELLES (année scolaire 2022/2023);ST MERRI (11) POLY;11 RUE SAINT MERRI;4ème Ardt;75104;;Polyvalent;"{""coordinates"": [2.352953080890981, 48.8593047674744], ""type"": ""Point""}";48.8593047674744, 2.352953080890981
MATERNELLES (année scolaire 2022/2023);DOMBASLE (28) POLY;28 RUE DOMBASLE;15ème Ardt;75115;;Polyvalent;"{""coordinates"": [2.2982071009745404, 48.835881038952365], ""type"": ""Point""}";48.835881038952365, 2.2982071009745404
MATERNELLES (année scolaire 2022/2023);OLIVIER METRA (32-34) POLY;32 RUE OLIVIER METRA;20ème Ardt;75120;;Polyvalent;"{""coordinates"": [2.3938520000480055, 48.873298373241624], ""type"": ""Point""}";48.873298373241624, 2.3938520000480055
MATERNELLES (année scolaire 2022/2023);CARPEAUX (5-7) MAT;5 RUE CARPEAUX;18ème Ardt;75118;2022-2023;Maternelle;"{""coordinates"": [2.3298061120526445, 48.89035961315118], ""type"": ""Point""}";48.89035961315118, 2.3298061120526445
MATERNELLES (année scolaire 2022/2023);ARNOLD NETTER (42) MAT;;12ème Ardt;75112;2022-2023;Maternelle;"{""coordinates"": [2.4056226019026874, 48.843690261386676], ""type"": ""Point""}";48.843690261386676, 2.4056226019026874
MATERNELLES (année scolaire 2022/2023);GENERAL LASALLE (5) MAT;5 RUE DU GENERAL LASALLE;19ème Ardt;75119;2022-2023;Maternelle;"{""coordinates"": [2.3803052832570044, 48.87401987662739], ""type"": ""Point""}";48.87401987662739, 2.3803052832570044
MATERNELLES (année scolaire 2022/2023);ANDRE BRECHET (21) MAT;21 RUE ANDRE BRECHET;17ème Ardt;75117;2022-2023;Maternelle;"{""coordinates"": [2.326847650504811, 48.89885885682679], ""type"": ""Point""}";48.89885885682679, 2.326847650504811
MATERNELLES (année scolaire 2022/2023);PAUL GERVAIS (2) MAT;2 RUE PAUL GERVAIS;13ème Ardt;75113;2022-2023;Maternelle;"{""coordinates"": [2.347516646194573, 48.83154352397799], ""type"": ""Point""}";48.83154352397799, 2.347516646194573
MATERNELLES (année scolaire 2022/2023);SEVERO (10) MAT;10 RUE SEVERO;14ème Ardt;75114;2022-2023;Maternelle;"{""coordinates"": [2.3237187336562335, 48.83239267710277], ""type"": ""Point""}";48.83239267710277, 2.3237187336562335
MATERNELLES (année scolaire 2022/2023);FELIX FAURE (56) MAT;56 AVENUE FELIX FAURE;15ème Ardt;75115;2022-2023;Maternelle;"{""coordinates"": [2.2866154944624646, 48.84069866655919], ""type"": ""Point""}";48.84069866655919, 2.2866154944624646
MATERNELLES (année scolaire 2022/2023);AMIRAL ROUSSIN (33) MAT;33 RUE DE L AMIRAL ROUSSIN;15ème Ardt;75115;2022-2023;Maternelle;"{""coordinates"": [2.2995103665150136, 48.84462369220469], ""type"": ""Point""}";48.84462369220469, 2.2995103665150136
MATERNELLES (année scolaire 2022/2023);FAUCONNIER (4) POLY;4 RUE DU FAUCONNIER;4ème Ardt;75104;;Polyvalent;"{""coordinates"": [2.3596540713546945, 48.8536421914855], ""type"": ""Point""}";48.8536421914855, 2.3596540713546945
MATERNELLES (année scolaire 2022/2023);CARDINAL AMETTE (3) MAT;3 PLACE DU CARDINAL AMETTE;15ème Ardt;75115;2022-2023;Maternelle;"{""coordinates"": [2.297107585629458, 48.85093752536021], ""type"": ""Point""}";48.85093752536021, 2.297107585629458
MATERNELLES (année scolaire 2022/2023);PAJOL (11) POLY;11 RUE PAJOL;18ème Ardt;75118;;Polyvalent;"{""coordinates"": [2.3606096722049075, 48.88557045298243], ""type"": ""Point""}";48.88557045298243, 2.3606096722049075
MATERNELLES (année scolaire 2022/2023);ST GERMAIN L'AUXERROIS (6) MAT;6 RUE ST GERMAIN L'AUXERROIS;1er Ardt;75101;2022-2023;Maternelle;"{""coordinates"": [2.345386713065591, 48.85821794704413], ""type"": ""Point""}";48.85821794704413, 2.345386713065591
MATERNELLES (année scolaire 2022/2023);TOURTILLE (39) MAT;39 RUE DE TOURTILLE;20ème Ardt;75120;2022-2023;Maternelle;"{""coordinates"": [2.3805459447107165, 48.8720093929638], ""type"": ""Point""}";48.8720093929638, 2.3805459447107165
MATERNELLES (année scolaire 2022/2023);SOMMERARD (10) MAT;10 RUE DU SOMMERARD;5ème Ardt;75105;2022-2023;Maternelle;"{""coordinates"": [2.34687168682565, 48.849943323831674], ""type"": ""Point""}";48.849943323831674, 2.34687168682565
MATERNELLES (année scolaire 2022/2023);DUSSOUBS (42) POLY;42 RUE DUSSOUBS;2ème Ardt;75102;;Polyvalent;"{""coordinates"": [2.3496943647589115, 48.86716386802309], ""type"": ""Point""}";48.86716386802309, 2.3496943647589115
MATERNELLES (année scolaire 2022/2023);AQUEDUC (39) MAT;39 RUE DE L'AQUEDUC;10ème Ardt;75110;2022-2023;Maternelle;"{""coordinates"": [2.363923017199924, 48.88247900358761], ""type"": ""Point""}";48.88247900358761, 2.363923017199924
MATERNELLES (année scolaire 2022/2023);STEPHEN PICHON (28) MAT;28 AVENUE STEPHEN PICHON;13ème Ardt;75113;2022-2023;Maternelle;"{""coordinates"": [2.3585484855159082, 48.832380595064215], ""type"": ""Point""}";48.832380595064215, 2.3585484855159082
MATERNELLES (année scolaire 2022/2023);JEANNE D'ARC (96) MAT;96 RUE JEANNE D'ARC;13ème Ardt;75113;2022-2023;Maternelle;"{""coordinates"": [2.363384060953663, 48.833702957209915], ""type"": ""Point""}";48.833702957209915, 2.363384060953663
MATERNELLES (année scolaire 2022/2023);ALLERAY (102) MAT;102 RUE D'ALLERAY;15ème Ardt;75115;2022-2023;Maternelle;"{""coordinates"": [2.309558316965856, 48.83621201623922], ""type"": ""Point""}";48.83621201623922, 2.309558316965856
MATERNELLES (année scolaire 2022/2023);PYRENEES (99) MAT;99 RUE DES PYRENEES;20ème Ardt;75120;2022-2023;Maternelle;"{""coordinates"": [2.4052182623020486, 48.85515013612081], ""type"": ""Point""}";48.85515013612081, 2.4052182623020486
MATERNELLES (année scolaire 2022/2023);ESPERANCE (12) MAT;12 RUE DE L'ESPERANCE;13ème Ardt;75113;2022-2023;Maternelle;"{""coordinates"": [2.347942192656153, 48.826775926512816], ""type"": ""Point""}";48.826775926512816, 2.347942192656153
MATERNELLES (année scolaire 2022/2023);BEAUREGARD (5) POLY;5 RUE BEAUREGARD;2ème Ardt;75102;;Polyvalent;"{""coordinates"": [2.3483376284291317, 48.86927024119969], ""type"": ""Point""}";48.86927024119969, 2.3483376284291317
MATERNELLES (année scolaire 2022/2023);JEAN MENANS (2) MAT;2 RUE JEAN MENANS;19ème Ardt;75119;2022-2023;Maternelle;"{""coordinates"": [2.3787114440048027, 48.88105439132377], ""type"": ""Point""}";48.88105439132377, 2.3787114440048027
MATERNELLES (année scolaire 2022/2023);SEPTIEME ART (2-4) MAT;2 COURS DU 7EME ART;19ème Ardt;75119;2022-2023;Maternelle;"{""coordinates"": [2.3879161933665136, 48.87812713450952], ""type"": ""Point""}";48.87812713450952, 2.3879161933665136
MATERNELLES (année scolaire 2022/2023);CONSTANTIN PECQUEUR (1) MAT;1 PLACE CONSTANTIN PECQUEUR;18ème Ardt;75118;2022-2023;Maternelle;"{""coordinates"": [2.337932093180363, 48.88882548893339], ""type"": ""Point""}";48.88882548893339, 2.337932093180363
MATERNELLES (année scolaire 2022/2023);MOUFFETARD (29) MAT;29 RUE MOUFFETARD;5ème Ardt;75105;2022-2023;Maternelle;"{""coordinates"": [2.3494204485428423, 48.843986620495215], ""type"": ""Point""}";48.843986620495215, 2.3494204485428423
MATERNELLES (année scolaire 2022/2023);LEON SCHWARTZENBERG (11) MAT;11 RUE LEON SCHWARTZENBERG;10ème Ardt;75110;2022-2023;Maternelle;"{""coordinates"": [2.355248422695462, 48.87545394335968], ""type"": ""Point""}";48.87545394335968, 2.355248422695462
MATERNELLES (année scolaire 2022/2023);BARBANEGRE (8) MAT;8 RUE BARBANEGRE;19ème Ardt;75119;2022-2023;Maternelle;"{""coordinates"": [2.3833256532117324, 48.892313622547164], ""type"": ""Point""}";48.892313622547164, 2.3833256532117324
MATERNELLES (année scolaire 2022/2023);MILTON (5) POLY;5 RUE MILTON;9ème Ardt;75109;;Polyvalent;"{""coordinates"": [2.340562813126252, 48.87734792111272], ""type"": ""Point""}";48.87734792111272, 2.340562813126252
MATERNELLES (année scolaire 2022/2023);BIDASSOA (21) MAT;21 RUE DE LA BIDASSOA;20ème Ardt;75120;2022-2023;Maternelle;"{""coordinates"": [2.393684942281869, 48.86611785371117], ""type"": ""Point""}";48.86611785371117, 2.393684942281869
MATERNELLES (année scolaire 2022/2023);ALLERAY (42) MAT;42 RUE D'ALLERAY;15ème Ardt;75115;2022-2023;Maternelle;"{""coordinates"": [2.3034313404779265, 48.83670438789997], ""type"": ""Point""}";48.83670438789997, 2.3034313404779265
MATERNELLES (année scolaire 2022/2023);D'ARTAGNAN (12) MAT;12 RUE D'ARTAGNAN;12ème Ardt;75112;2022-2023;Maternelle;"{""coordinates"": [2.3867555122192794, 48.84540652764176], ""type"": ""Point""}";48.84540652764176, 2.3867555122192794
MATERNELLES (année scolaire 2022/2023);REUILLY (59) MAT;59 RUE DE REUILLY;12ème Ardt;75112;2022-2023;Maternelle;"{""coordinates"": [2.3886864786274575, 48.84567811393347], ""type"": ""Point""}";48.84567811393347, 2.3886864786274575
MATERNELLES (année scolaire 2022/2023);ST MARTIN (211) POLY;211 RUE SAINT MARTIN;3ème Ardt;75103;;Polyvalent;"{""coordinates"": [2.3528123089676223, 48.86407166494785], ""type"": ""Point""}";48.86407166494785, 2.3528123089676223
MATERNELLES (année scolaire 2022/2023);CUGNOT (30) POLY;30 RUE CUGNOT;18ème Ardt;75118;;Polyvalent;"{""coordinates"": [2.3645871569749612, 48.892715722912946], ""type"": ""Point""}";48.892715722912946, 2.3645871569749612
MATERNELLES (année scolaire 2022/2023);TELEGRAPHE (29) MAT;29 RUE DU TELEGRAPHE;20ème Ardt;75120;2022-2023;Maternelle;"{""coordinates"": [2.399105785179328, 48.873410665618245], ""type"": ""Point""}";48.873410665618245, 2.399105785179328
MATERNELLES (année scolaire 2022/2023);PAUL VALERY (18) POLY;18 RUE PAUL VALERY;16ème Ardt;75116;;Polyvalent;"{""coordinates"": [2.2900006682192444, 48.87034290370526], ""type"": ""Point""}";48.87034290370526, 2.2900006682192444
MATERNELLES (année scolaire 2022/2023);BROCHANT (28) MAT;28 RUE BROCHANT;17ème Ardt;75117;2022-2023;Maternelle;"{""coordinates"": [2.319584604422367, 48.88998517253306], ""type"": ""Point""}";48.88998517253306, 2.319584604422367
MATERNELLES (année scolaire 2022/2023);RENAUDES (31) MAT;31 RUE DES RENAUDES;17ème Ardt;75117;2022-2023;Maternelle;"{""coordinates"": [2.2977207615324162, 48.880698602550176], ""type"": ""Point""}";48.880698602550176, 2.2977207615324162
MATERNELLES (année scolaire 2022/2023);VAUCANSON (6) POLY;6 RUE VAUCANSON;3ème Ardt;75103;;Polyvalent;"{""coordinates"": [2.3567881058857116, 48.86711766168113], ""type"": ""Point""}";48.86711766168113, 2.3567881058857116
MATERNELLES (année scolaire 2022/2023);COUR DES NOUES (26) MAT;26 RUE DE LA COUR DES NOUES;20ème Ardt;75120;2022-2023;Maternelle;"{""coordinates"": [2.4006638852553333, 48.864339140052664], ""type"": ""Point""}";48.864339140052664, 2.4006638852553333
MATERNELLES (année scolaire 2022/2023);MARAICHERS (31) MAT;31 RUE DES MARAICHERS;20ème Ardt;75120;2022-2023;Maternelle;"{""coordinates"": [2.407181998910859, 48.850975297793454], ""type"": ""Point""}";48.850975297793454, 2.407181998910859
MATERNELLES (année scolaire 2022/2023);THIONVILLE (6) MAT;6 PASSAGE DE THIONVILLE;19ème Ardt;75119;2022-2023;Maternelle;"{""coordinates"": [2.382209343714642, 48.888026293576104], ""type"": ""Point""}";48.888026293576104, 2.382209343714642
MATERNELLES (année scolaire 2022/2023);RETRAIT (24) MAT;24 RUE DU RETRAIT;20ème Ardt;75120;2022-2023;Maternelle;"{""coordinates"": [2.3939428814266304, 48.8689793614618], ""type"": ""Point""}";48.8689793614618, 2.3939428814266304
MATERNELLES (année scolaire 2022/2023);DUNOIS (71) MAT;71 RUE DUNOIS;13ème Ardt;75113;2022-2023;Maternelle;"{""coordinates"": [2.366141302750901, 48.83304418350052], ""type"": ""Point""}";48.83304418350052, 2.366141302750901
MATERNELLES (année scolaire 2022/2023);LYONNAIS (22) MAT;22 RUE DES LYONNAIS;5ème Ardt;75105;2022-2023;Maternelle;"{""coordinates"": [2.346472507675337, 48.83851905714696], ""type"": ""Point""}";48.83851905714696, 2.346472507675337
MATERNELLES (année scolaire 2022/2023);ALAIN-FOURNIER (7) MAT;7 SQUARE ALAIN-FOURNIER;14ème Ardt;75114;2022-2023;Maternelle;"{""coordinates"": [2.306835908986238, 48.827746373294794], ""type"": ""Point""}";48.827746373294794, 2.306835908986238
MATERNELLES (année scolaire 2022/2023);REIMS (38-40) POLY;38 BOULEVARD DE REIMS;17ème Ardt;75117;;Polyvalent;"{""coordinates"": [2.295450619155225, 48.88828196110204], ""type"": ""Point""}";48.88828196110204, 2.295450619155225
MATERNELLES (année scolaire 2022/2023);RAPP (28) MAT;28 AVENUE RAPP;7ème Ardt;75107;2022-2023;Maternelle;"{""coordinates"": [2.3002060575306875, 48.85863065065178], ""type"": ""Point""}";48.85863065065178, 2.3002060575306875
MATERNELLES (année scolaire 2022/2023);FRERES VOISIN (3) POLY;3 BOULEVARD DES FRERES VOISIN;15ème Ardt;75115;;Polyvalent;"{""coordinates"": [2.268341258697311, 48.827963593963766], ""type"": ""Point""}";48.827963593963766, 2.268341258697311
MATERNELLES (année scolaire 2022/2023);VIVIENNE (11) MAT;11 RUE VIVIENNE;2ème Ardt;75102;2022-2023;Maternelle;"{""coordinates"": [2.3395002367160616, 48.86801044924347], ""type"": ""Point""}";48.86801044924347, 2.3395002367160616
MATERNELLES (année scolaire 2022/2023);ROMAINVILLE (59B) MAT;59 bis RUE DE ROMAINVILLE;19ème Ardt;75119;2022-2023;Maternelle;"{""coordinates"": [2.403382148648804, 48.87739019746418], ""type"": ""Point""}";48.87739019746418, 2.403382148648804
MATERNELLES (année scolaire 2022/2023);BELLEVILLE (345) MAT;345 RUE DE BELLEVILLE;19ème Ardt;75119;2022-2023;Maternelle;"{""coordinates"": [2.4055381256938637, 48.877008671318215], ""type"": ""Point""}";48.877008671318215, 2.4055381256938637
MATERNELLES (année scolaire 2022/2023);ALESIA (3B) MAT;3 bis RUE D'ALESIA;14ème Ardt;75114;2022-2023;Maternelle;"{""coordinates"": [2.3398834157096258, 48.82662418822363], ""type"": ""Point""}";48.82662418822363, 2.3398834157096258
MATERNELLES (année scolaire 2022/2023);BOULARD (23) MAT;23 RUE BOULARD;14ème Ardt;75114;2022-2023;Maternelle;"{""coordinates"": [2.3289352314031793, 48.833736699754986], ""type"": ""Point""}";48.833736699754986, 2.3289352314031793
MATERNELLES (année scolaire 2022/2023);EMILE ZOLA (35) MAT;35 AVENUE EMILE ZOLA;15ème Ardt;75115;2022-2023;Maternelle;"{""coordinates"": [2.282425091676537, 48.846558392786704], ""type"": ""Point""}";48.846558392786704, 2.282425091676537
MATERNELLES (année scolaire 2022/2023);GUSTAVE ZEDE (5) MAT;5 RUE GUSTAVE ZEDE;16ème Ardt;75116;2022-2023;Maternelle;"{""coordinates"": [2.2728073732431824, 48.855739968153905], ""type"": ""Point""}";48.855739968153905, 2.2728073732431824
MATERNELLES (année scolaire 2022/2023);NOYER DURAND (5) MAT;5 RUE DU NOYER DURAND;19ème Ardt;75119;2022-2023;Maternelle;"{""coordinates"": [2.399123320054973, 48.886731773138386], ""type"": ""Point""}";48.886731773138386, 2.399123320054973
MATERNELLES (année scolaire 2022/2023);PREVOYANCE (29) MAT;29 RUE DE LA PREVOYANCE;19ème Ardt;75119;2022-2023;Maternelle;"{""coordinates"": [2.3945556084295427, 48.883707272072826], ""type"": ""Point""}";48.883707272072826, 2.3945556084295427
MATERNELLES (année scolaire 2022/2023);PAUL BAUDRY (10) POLY;10 RUE PAUL BAUDRY;8ème Ardt;75108;;Polyvalent;"{""coordinates"": [2.30740416964641, 48.87234525840762], ""type"": ""Point""}";48.87234525840762, 2.30740416964641
MATERNELLES (année scolaire 2022/2023);TANGER (41) MAT;41 RUE DE TANGER;19ème Ardt;75119;2022-2023;Maternelle;"{""coordinates"": [2.3702364147193737, 48.887768133734], ""type"": ""Point""}";48.887768133734, 2.3702364147193737
MATERNELLES (année scolaire 2022/2023);SERVAN (54) MAT;54 RUE SERVAN;11ème Ardt;75111;2022-2023;Maternelle;"{""coordinates"": [2.3818138125303907, 48.863031254508925], ""type"": ""Point""}";48.863031254508925, 2.3818138125303907
MATERNELLES (année scolaire 2022/2023);MADEMOISELLE (83) MAT;83 RUE MADEMOISELLE;15ème Ardt;75115;2022-2023;Maternelle;"{""coordinates"": [2.300498599395484, 48.8433586734679], ""type"": ""Point""}";48.8433586734679, 2.300498599395484
MATERNELLES (année scolaire 2022/2023);TANGER (15) MAT;15 RUE DE TANGER;19ème Ardt;75119;2022-2023;Maternelle;"{""coordinates"": [2.3678835383189987, 48.88541391850734], ""type"": ""Point""}";48.88541391850734, 2.3678835383189987
MATERNELLES (année scolaire 2022/2023);CHAMPIONNET (72) MAT;72 RUE CHAMPIONNET;18ème Ardt;75118;2022-2023;Maternelle;"{""coordinates"": [2.3448803625489103, 48.895890845375234], ""type"": ""Point""}";48.895890845375234, 2.3448803625489103
MATERNELLES (année scolaire 2022/2023);PELLEPORT (99) MAT;99 RUE PELLEPORT;20ème Ardt;75120;2022-2023;Maternelle;"{""coordinates"": [2.399462176513419, 48.87020949208667], ""type"": ""Point""}";48.87020949208667, 2.399462176513419
MATERNELLES (année scolaire 2022/2023);CHRISTINE DE PISAN (24) MAT;24 RUE CHRISTINE DE PISAN;17ème Ardt;75117;2022-2023;Maternelle;"{""coordinates"": [2.3082570703185916, 48.88997703075425], ""type"": ""Point""}";48.88997703075425, 2.3082570703185916
MATERNELLES (année scolaire 2022/2023);SIMONE WEIL (5) MAT;5 RUE SIMONE WEIL;13ème Ardt;75113;2022-2023;Maternelle;"{""coordinates"": [2.364337027563661, 48.82351147961039], ""type"": ""Point""}";48.82351147961039, 2.364337027563661
MATERNELLES (année scolaire 2022/2023);MARSOULAN (16) MAT;16 RUE MARSOULAN;12ème Ardt;75112;2022-2023;Maternelle;"{""coordinates"": [2.4033410170217393, 48.84634860501086], ""type"": ""Point""}";48.84634860501086, 2.4033410170217393
MATERNELLES (année scolaire 2022/2023);BRECHE AUX LOUPS (28) MAT;28 RUE DE LA BRECHE AUX LOUPS;12ème Ardt;75112;2022-2023;Maternelle;"{""coordinates"": [2.3945357711131185, 48.83778785119997], ""type"": ""Point""}";48.83778785119997, 2.3945357711131185
MATERNELLES (année scolaire 2022/2023);DAUMESNIL (70) MAT;70 AVENUE DAUMESNIL;12ème Ardt;75112;2022-2023;Maternelle;"{""coordinates"": [2.3803469857615727, 48.84470029088354], ""type"": ""Point""}";48.84470029088354, 2.3803469857615727
MATERNELLES (année scolaire 2022/2023);TROIS BORNES (39) MAT;39 RUE DES TROIS BORNES;11ème Ardt;75111;2022-2023;Maternelle;"{""coordinates"": [2.3746009950485596, 48.86734855731877], ""type"": ""Point""}";48.86734855731877, 2.3746009950485596
MATERNELLES (année scolaire 2022/2023);LOUIS DE FUNES (2) POLY;2 ALLEE LOUIS DE FUNES;8ème Ardt;75108;;Polyvalent;"{""coordinates"": [2.3058764604394946, 48.87590706075656], ""type"": ""Point""}";48.87590706075656, 2.3058764604394946
MATERNELLES (année scolaire 2022/2023);PIERRE FONCIN (2) MAT;2 RUE PIERRE FONCIN;20ème Ardt;75120;2022-2023;Maternelle;"{""coordinates"": [2.409217976972017, 48.871340988815405], ""type"": ""Point""}";48.871340988815405, 2.409217976972017
MATERNELLES (année scolaire 2022/2023);FERNAND LABORI (19) MAT;19 RUE FERNAND LABORI;18ème Ardt;75118;2022-2023;Maternelle;"{""coordinates"": [2.3422511488545315, 48.899127617384266], ""type"": ""Point""}";48.899127617384266, 2.3422511488545315
MATERNELLES (année scolaire 2022/2023);LAS CASES (27) POLY;27 RUE LAS CASES;7ème Ardt;75107;;Polyvalent;"{""coordinates"": [2.318591447403378, 48.858978422295145], ""type"": ""Point""}";48.858978422295145, 2.318591447403378
MATERNELLES (année scolaire 2022/2023);GERBERT (6) MAT;6 RUE GERBERT;15ème Ardt;75115;2022-2023;Maternelle;"{""coordinates"": [2.2977704012276785, 48.83956346532158], ""type"": ""Point""}";48.83956346532158, 2.2977704012276785
MATERNELLES (année scolaire 2022/2023);EIDERS (5) MAT;5 ALLEE DES EIDERS;19ème Ardt;75119;2022-2023;Maternelle;"{""coordinates"": [2.379171396905241, 48.89429590404228], ""type"": ""Point""}";48.89429590404228, 2.379171396905241
MATERNELLES (année scolaire 2022/2023);TANDOU (22-28) MAT;22 RUE TANDOU;19ème Ardt;75119;2022-2023;Maternelle;"{""coordinates"": [2.380622491588858, 48.88646818603224], ""type"": ""Point""}";48.88646818603224, 2.380622491588858
MATERNELLES (année scolaire 2022/2023);MONT CENIS (77) MAT;77 RUE DU MONT CENIS;18ème Ardt;75118;2022-2023;Maternelle;"{""coordinates"": [2.3439649798902322, 48.89207701097171], ""type"": ""Point""}";48.89207701097171, 2.3439649798902322
MATERNELLES (année scolaire 2022/2023);GRANDS MOULINS (47) POLY;47 RUE DES GRANDS MOULINS;13ème Ardt;75113;;Polyvalent;"{""coordinates"": [2.377695614470156, 48.82792649539958], ""type"": ""Point""}";48.82792649539958, 2.377695614470156
MATERNELLES (année scolaire 2022/2023);LEGOUVE (6) MAT;6 RUE LEGOUVE;10ème Ardt;75110;2022-2023;Maternelle;"{""coordinates"": [2.3621753999223016, 48.872254869006056], ""type"": ""Point""}";48.872254869006056, 2.3621753999223016
MATERNELLES (année scolaire 2022/2023);VAUVENARGUES (4) MAT;4 RUE VAUVENARGUES;18ème Ardt;75118;2022-2023;Maternelle;"{""coordinates"": [2.3345890385044714, 48.892204778299806], ""type"": ""Point""}";48.892204778299806, 2.3345890385044714
MATERNELLES (année scolaire 2022/2023);M. ROSTROPOVITCH (34) POLY;34 RUE MSTISLAV ROSTROPOVITCH;17ème Ardt;75117;;Polyvalent;"{""coordinates"": [2.3129853283505617, 48.89002009578474], ""type"": ""Point""}";48.89002009578474, 2.3129853283505617
MATERNELLES (année scolaire 2022/2023);RICAUT (8) MAT;8 RUE RICAUT;13ème Ardt;75113;2022-2023;Maternelle;"{""coordinates"": [2.3614545805745077, 48.82985084240565], ""type"": ""Point""}";48.82985084240565, 2.3614545805745077
MATERNELLES (année scolaire 2022/2023);PORTE BRANCION (5) MAT;5 AVENUE DE LA PORTE BRANCION;15ème Ardt;75115;2022-2023;Maternelle;"{""coordinates"": [2.3020938881021684, 48.82745045804661], ""type"": ""Point""}";48.82745045804661, 2.3020938881021684
MATERNELLES (année scolaire 2022/2023);SAIDA (20) MAT;20 RUE SAIDA;15ème Ardt;75115;2022-2023;Maternelle;"{""coordinates"": [2.293162588036355, 48.83174298046158], ""type"": ""Point""}";48.83174298046158, 2.293162588036355
MATERNELLES (année scolaire 2022/2023);CUJAS (23) MAT;23 RUE CUJAS;5ème Ardt;75105;2022-2023;Maternelle;"{""coordinates"": [2.3419015855074456, 48.84805003170546], ""type"": ""Point""}";48.84805003170546, 2.3419015855074456
MATERNELLES (année scolaire 2022/2023);FONTARABIE (12) MAT;12 RUE DE FONTARABIE;20ème Ardt;75120;2022-2023;Maternelle;"{""coordinates"": [2.4005116407946545, 48.85752136244199], ""type"": ""Point""}";48.85752136244199, 2.4005116407946545
MATERNELLES (année scolaire 2022/2023);L.M.NORDMANN (140) MAT;140 RUE LEON MAURICE NORDMANN;13ème Ardt;75113;2022-2023;Maternelle;"{""coordinates"": [2.3431821295641404, 48.83377350532776], ""type"": ""Point""}";48.83377350532776, 2.3431821295641404
MATERNELLES (année scolaire 2022/2023);BERANGER (3) POLY;3 RUE BERANGER;3ème Ardt;75103;;Polyvalent;"{""coordinates"": [2.3643829958629166, 48.86481590090902], ""type"": ""Point""}";48.86481590090902, 2.3643829958629166
MATERNELLES (année scolaire 2022/2023);SADI LECOINTE (8) MAT;8 RUE SADI LECOINTE;19ème Ardt;75119;2022-2023;Maternelle;"{""coordinates"": [2.3738821856589865, 48.88035393950241], ""type"": ""Point""}";48.88035393950241, 2.3738821856589865
MATERNELLES (année scolaire 2022/2023);AMANDIERS (90) MAT;90 RUE DES AMANDIERS;20ème Ardt;75120;2022-2023;Maternelle;"{""coordinates"": [2.3894199327196737, 48.86696740597216], ""type"": ""Point""}";48.86696740597216, 2.3894199327196737
MATERNELLES (année scolaire 2022/2023);EMILE DUPLOYE (27) MAT;27 RUE EMILE DUPLOYE;18ème Ardt;75118;2022-2023;Maternelle;"{""coordinates"": [2.355140425492895, 48.889900240270194], ""type"": ""Point""}";48.889900240270194, 2.355140425492895
MATERNELLES (année scolaire 2022/2023);DAUMESNIL (253 B) MAT;253 bis AVENUE DAUMESNIL;12ème Ardt;75112;2022-2023;Maternelle;"{""coordinates"": [2.4025698180584274, 48.837246512902595], ""type"": ""Point""}";48.837246512902595, 2.4025698180584274
MATERNELLES (année scolaire 2022/2023);FEDERATION (18) MAT;18 RUE DE LA FEDERATION;15ème Ardt;75115;2022-2023;Maternelle;"{""coordinates"": [2.2910889400423504, 48.854537240506836], ""type"": ""Point""}";48.854537240506836, 2.2910889400423504
MATERNELLES (année scolaire 2022/2023);EPINETTES (44) MAT;44 RUE DES EPINETTES;17ème Ardt;75117;2022-2023;Maternelle;"{""coordinates"": [2.324089590815981, 48.89706060780151], ""type"": ""Point""}";48.89706060780151, 2.324089590815981
MATERNELLES (année scolaire 2022/2023);FLEURS (61) MAT;61 CITE DES FLEURS;17ème Ardt;75117;2022-2023;Maternelle;"{""coordinates"": [2.3210113593774087, 48.893547926398206], ""type"": ""Point""}";48.893547926398206, 2.3210113593774087
MATERNELLES (année scolaire 2022/2023);PERCHAMPS (38) MAT;38 RUE DES PERCHAMPS;16ème Ardt;75116;2022-2023;Maternelle;"{""coordinates"": [2.268141584346579, 48.84923602500943], ""type"": ""Point""}";48.84923602500943, 2.268141584346579
MATERNELLES (année scolaire 2022/2023);CHAMPAGNE (17) POLY;17 CITE CHAMPAGNE;20ème Ardt;75120;;Polyvalent;"{""coordinates"": [2.4042089809108966, 48.85333032620816], ""type"": ""Point""}";48.85333032620816, 2.4042089809108966
MATERNELLES (année scolaire 2022/2023);ROBERT ESTIENNE (8) POLY;8 RUE ROBERT ESTIENNE;8ème Ardt;75108;;Polyvalent;"{""coordinates"": [2.3051147792050424, 48.86861806590406], ""type"": ""Point""}";48.86861806590406, 2.3051147792050424
MATERNELLES (année scolaire 2022/2023);VARET (9) MAT;9 RUE VARET;15ème Ardt;75115;2022-2023;Maternelle;"{""coordinates"": [2.280942337739886, 48.839954254643544], ""type"": ""Point""}";48.839954254643544, 2.280942337739886
MATERNELLES (année scolaire 2022/2023);DARIUS MILHAUD (53) MAT;53 ALLEE DARIUS MILHAUD;19ème Ardt;75119;2022-2023;Maternelle;"{""coordinates"": [2.3908932428725764, 48.88468263111015], ""type"": ""Point""}";48.88468263111015, 2.3908932428725764
MATERNELLES (année scolaire 2022/2023);TOLBIAC (157) MAT;157 RUE DE TOLBIAC;13ème Ardt;75113;2022-2023;Maternelle;"{""coordinates"": [2.356264686583316, 48.82603438803607], ""type"": ""Point""}";48.82603438803607, 2.356264686583316
MATERNELLES (année scolaire 2022/2023);ROQUETTE (144) MAT;144 RUE DE LA ROQUETTE;11ème Ardt;75111;2022-2023;Maternelle;"{""coordinates"": [2.38230266486954, 48.8580748035193], ""type"": ""Point""}";48.8580748035193, 2.38230266486954
MATERNELLES (année scolaire 2022/2023);BLANCHE (9 B) MAT;9 bis RUE BLANCHE;9ème Ardt;75109;2022-2023;Maternelle;"{""coordinates"": [2.3317475456180112, 48.87806920782908], ""type"": ""Point""}";48.87806920782908, 2.3317475456180112
MATERNELLES (année scolaire 2022/2023);ERLANGER (58) MAT;58 RUE ERLANGER;16ème Ardt;75116;2022-2023;Maternelle;"{""coordinates"": [2.2597070535003074, 48.84426466038021], ""type"": ""Point""}";48.84426466038021, 2.2597070535003074
MATERNELLES (année scolaire 2022/2023);BUFFON (15 B) MAT;15 bis RUE BUFFON;5ème Ardt;75105;2022-2023;Maternelle;"{""coordinates"": [2.3618682408825737, 48.842546607106094], ""type"": ""Point""}";48.842546607106094, 2.3618682408825737
MATERNELLES (année scolaire 2022/2023);BULLOURDE (4) MAT;4 PASSAGE BULLOURDE;11ème Ardt;75111;2022-2023;Maternelle;"{""coordinates"": [2.376705198402277, 48.85455709951778], ""type"": ""Point""}";48.85455709951778, 2.376705198402277
MATERNELLES (année scolaire 2022/2023);EUGENE REISZ (2) MAT;2 RUE EUGENE REISZ;20ème Ardt;75120;2022-2023;Maternelle;"{""coordinates"": [2.410503469825659, 48.85627811228629], ""type"": ""Point""}";48.85627811228629, 2.410503469825659
MATERNELLES (année scolaire 2022/2023);SARRETTE (55) MAT;55 RUE SARRETTE;14ème Ardt;75114;2022-2023;Maternelle;"{""coordinates"": [2.3269351516433563, 48.82508625196558], ""type"": ""Point""}";48.82508625196558, 2.3269351516433563
MATERNELLES (année scolaire 2022/2023);ANTOINE CHANTIN (15) MAT;15 RUE ANTOINE CHANTIN;14ème Ardt;75114;2022-2023;Maternelle;"{""coordinates"": [2.321911153160345, 48.827116023249914], ""type"": ""Point""}";48.827116023249914, 2.321911153160345
MATERNELLES (année scolaire 2022/2023);RAMPAL (5-7) MAT;5 RUE RAMPAL;19ème Ardt;75119;2022-2023;Maternelle;"{""coordinates"": [2.379682538097387, 48.873372460325896], ""type"": ""Point""}";48.873372460325896, 2.379682538097387
MATERNELLES (année scolaire 2022/2023);TAPISSERIES (8) MAT;8 RUE DES TAPISSERIES;17ème Ardt;75117;2022-2023;Maternelle;"{""coordinates"": [2.3077232982113522, 48.88848050514574], ""type"": ""Point""}";48.88848050514574, 2.3077232982113522
MATERNELLES (année scolaire 2022/2023);VILLIERS (22) MAT;22 AVENUE PORTE DE VILLIERS;17ème Ardt;75117;2022-2023;Maternelle;"{""coordinates"": [2.2855063149733303, 48.88495140132992], ""type"": ""Point""}";48.88495140132992, 2.2855063149733303
MATERNELLES (année scolaire 2022/2023);MARX DORMOY (53B) MAT;53 bis RUE MARX DORMOY;18ème Ardt;75118;2022-2023;Maternelle;"{""coordinates"": [2.3596962129223327, 48.88837957517475], ""type"": ""Point""}";48.88837957517475, 2.3596962129223327
MATERNELLES (année scolaire 2022/2023);POINTE D'IVRY (17-35) MAT;17 RUE DE LA POINTE D'IVRY;13ème Ardt;75113;2022-2023;Maternelle;"{""coordinates"": [2.3642791869269337, 48.82251676056329], ""type"": ""Point""}";48.82251676056329, 2.3642791869269337
MATERNELLES (année scolaire 2022/2023);VANDREZANNE (40) MAT;40 RUE VANDREZANNE;13ème Ardt;75113;2022-2023;Maternelle;"{""coordinates"": [2.3531537130965767, 48.82785931453252], ""type"": ""Point""}";48.82785931453252, 2.3531537130965767
MATERNELLES (année scolaire 2022/2023);BRILLAT SAVARIN (87) MAT;87 RUE BRILLAT SAVARIN;13ème Ardt;75113;2022-2023;Maternelle;"{""coordinates"": [2.342842021454952, 48.824409075967125], ""type"": ""Point""}";48.824409075967125, 2.342842021454952
MATERNELLES (année scolaire 2022/2023);CHARLES BAUDELAIRE (16) MAT;16 RUE CHARLES BAUDELAIRE;12ème Ardt;75112;2022-2023;Maternelle;"{""coordinates"": [2.3769265685514185, 48.84949898664805], ""type"": ""Point""}";48.84949898664805, 2.3769265685514185
MATERNELLES (année scolaire 2022/2023);TRUFFAUT (15) POLY;15 RUE TRUFFAUT;17ème Ardt;75117;;Polyvalent;"{""coordinates"": [2.322540242614652, 48.88493024951725], ""type"": ""Point""}";48.88493024951725, 2.322540242614652
MATERNELLES (année scolaire 2022/2023);OUEST (69) POLY;69 RUE DE L'OUEST;14ème Ardt;75114;;Polyvalent;"{""coordinates"": [2.3185603650345095, 48.835649604477425], ""type"": ""Point""}";48.835649604477425, 2.3185603650345095
MATERNELLES (année scolaire 2022/2023);CHAPTAL (12) MAT;12 RUE CHAPTAL;9ème Ardt;75109;2022-2023;Maternelle;"{""coordinates"": [2.3336321508838727, 48.88082464785626], ""type"": ""Point""}";48.88082464785626, 2.3336321508838727
MATERNELLES (année scolaire 2022/2023);COLONEL MOLL (16) MAT;16 RUE DU COLONEL MOLL;17ème Ardt;75117;2022-2023;Maternelle;"{""coordinates"": [2.2901010627457095, 48.87801285587208], ""type"": ""Point""}";48.87801285587208, 2.2901010627457095
MATERNELLES (année scolaire 2022/2023);SIMON BOLIVAR (65) MAT;65 AVENUE SIMON BOLIVAR;19ème Ardt;75119;2022-2023;Maternelle;"{""coordinates"": [2.3777068568227797, 48.87636369873715], ""type"": ""Point""}";48.87636369873715, 2.3777068568227797
MATERNELLES (année scolaire 2022/2023);LANCRY (15) POLY;15 RUE DE LANCRY;10ème Ardt;75110;;Polyvalent;"{""coordinates"": [2.360343892968746, 48.8695684314418], ""type"": ""Point""}";48.8695684314418, 2.360343892968746
MATERNELLES (année scolaire 2022/2023);DAVOUT (51) POLY;51 BD DAVOUT;20ème Ardt;75120;;Polyvalent;"{""coordinates"": [2.410732854164186, 48.85132892108274], ""type"": ""Point""}";48.85132892108274, 2.410732854164186
MATERNELLES (année scolaire 2022/2023);CHAMPIONNET (113) POLY;113 RUE CHAMPIONNET;18ème Ardt;75118;;Polyvalent;"{""coordinates"": [2.339143362226737, 48.895588312904216], ""type"": ""Point""}";48.895588312904216, 2.339143362226737
MATERNELLES (année scolaire 2022/2023);BUFFAULT (34) MAT;34 RUE BUFFAULT;9ème Ardt;75109;2022-2023;Maternelle;"{""coordinates"": [2.342510683558092, 48.876430241183726], ""type"": ""Point""}";48.876430241183726, 2.342510683558092
MATERNELLES (année scolaire 2022/2023);ALPHONSE BAUDIN (19) MAT;19 RUE ALPHONSE BAUDIN;11ème Ardt;75111;2022-2023;Maternelle;"{""coordinates"": [2.370051068149594, 48.861242479915724], ""type"": ""Point""}";48.861242479915724, 2.370051068149594
MATERNELLES (année scolaire 2022/2023);SEXTIUS MICHEL (22) MAT;22 RUE SEXTIUS MICHEL;15ème Ardt;75115;2022-2023;Maternelle;"{""coordinates"": [2.2884111928041673, 48.850117135338394], ""type"": ""Point""}";48.850117135338394, 2.2884111928041673
MATERNELLES (année scolaire 2022/2023);PASSY (25) MAT;25 RUE DE PASSY;16ème Ardt;75116;2022-2023;Maternelle;"{""coordinates"": [2.2822315904631347, 48.858029502248876], ""type"": ""Point""}";48.858029502248876, 2.2822315904631347
MATERNELLES (année scolaire 2022/2023);PARMENTIER (11B) MAT;11 bis AVENUE PARMENTIER;11ème Ardt;75111;2022-2023;Maternelle;"{""coordinates"": [2.3788002257014074, 48.859756038515556], ""type"": ""Point""}";48.859756038515556, 2.3788002257014074
MATERNELLES (année scolaire 2022/2023);JACQUIER (23) MAT;23 RUE JACQUIER;14ème Ardt;75114;2022-2023;Maternelle;"{""coordinates"": [2.3169979533660503, 48.82997508187904], ""type"": ""Point""}";48.82997508187904, 2.3169979533660503
MATERNELLES (année scolaire 2022/2023);JOURDAIN (4) MAT;4 RUE DU JOURDAIN;20ème Ardt;75120;2022-2023;Maternelle;"{""coordinates"": [2.389605634256414, 48.87451440609749], ""type"": ""Point""}";48.87451440609749, 2.389605634256414
MATERNELLES (année scolaire 2022/2023);ANDRE DEL SARTE (11) MAT;11 RUE ANDRE DEL SARTE;18ème Ardt;75118;2022-2023;Maternelle;"{""coordinates"": [2.3463763599753693, 48.885717261088175], ""type"": ""Point""}";48.885717261088175, 2.3463763599753693
MATERNELLES (année scolaire 2022/2023);PLANCHAT (52) MAT;52 RUE PLANCHAT;20ème Ardt;75120;2022-2023;Maternelle;"{""coordinates"": [2.396600653680645, 48.85580459429238], ""type"": ""Point""}";48.85580459429238, 2.396600653680645
MATERNELLES (année scolaire 2022/2023);ORSEL (56) MAT;56 RUE D'ORSEL;18ème Ardt;75118;2022-2023;Maternelle;"{""coordinates"": [2.340865749684589, 48.88355382499921], ""type"": ""Point""}";48.88355382499921, 2.340865749684589
MATERNELLES (année scolaire 2022/2023);GLACIERE (100) MAT;100 RUE DE LA GLACIERE;13ème Ardt;75113;2022-2023;Maternelle;"{""coordinates"": [2.3429107032425702, 48.829792234688384], ""type"": ""Point""}";48.829792234688384, 2.3429107032425702
MATERNELLES (année scolaire 2022/2023);BERCY (167) MAT;167 RUE DE BERCY;12ème Ardt;75112;2022-2023;Maternelle;"{""coordinates"": [2.375238551801449, 48.84260745086261], ""type"": ""Point""}";48.84260745086261, 2.375238551801449
MATERNELLES (année scolaire 2022/2023);BELZUNCE (3) POLY;3 RUE DE BELZUNCE;10ème Ardt;75110;;Polyvalent;"{""coordinates"": [2.352834090670799, 48.87919121558662], ""type"": ""Point""}";48.87919121558662, 2.352834090670799
MATERNELLES (année scolaire 2022/2023);MONTEMPOIVRE (16) POLY;16 RUE DE MONTEMPOIVRE;12ème Ardt;75112;;Polyvalent;"{""coordinates"": [2.407014351230721, 48.840138661603454], ""type"": ""Point""}";48.840138661603454, 2.407014351230721
MATERNELLES (année scolaire 2022/2023);PROCESSION (66) MAT;66 RUE DE LA PROCESSION;15ème Ardt;75115;2022-2023;Maternelle;"{""coordinates"": [2.3094299820039836, 48.836574140344055], ""type"": ""Point""}";48.836574140344055, 2.3094299820039836
MATERNELLES (année scolaire 2022/2023);EMERIAU (16) MAT;16 RUE EMERIAU;15ème Ardt;75115;2022-2023;Maternelle;"{""coordinates"": [2.2878572112055, 48.85134348418134], ""type"": ""Point""}";48.85134348418134, 2.2878572112055
MATERNELLES (année scolaire 2022/2023);AUBERVILLIERS (132) MAT;132 RUE D'AUBERVILLIERS;19ème Ardt;75119;2022-2023;Maternelle;"{""coordinates"": [2.3693696822056296, 48.89194768694661], ""type"": ""Point""}";48.89194768694661, 2.3693696822056296
MATERNELLES (année scolaire 2022/2023);PATAY (20) MAT;20 RUE DE PATAY;13ème Ardt;75113;2022-2023;Maternelle;"{""coordinates"": [2.3756651937327735, 48.82499118863887], ""type"": ""Point""}";48.82499118863887, 2.3756651937327735
MATERNELLES (année scolaire 2022/2023);RICHARD LENOIR (13) MAT;13 BOULEVARD RICHARD LENOIR;11ème Ardt;75111;2022-2023;Maternelle;"{""coordinates"": [2.3699973243979224, 48.85603881482629], ""type"": ""Point""}";48.85603881482629, 2.3699973243979224
MATERNELLES (année scolaire 2022/2023);EMILE LEPEU (44) MAT;44 RUE EMILE LEPEU;11ème Ardt;75111;2022-2023;Maternelle;"{""coordinates"": [2.3882253908830355, 48.856683261395006], ""type"": ""Point""}";48.856683261395006, 2.3882253908830355
MATERNELLES (année scolaire 2022/2023);PIERRE BULLET (4) MAT;4 RUE PIERRE BULLET;10ème Ardt;75110;2022-2023;Maternelle;"{""coordinates"": [2.3580988526489848, 48.87156857990447], ""type"": ""Point""}";48.87156857990447, 2.3580988526489848
MATERNELLES (année scolaire 2022/2023);LITTRE (6) MAT;6 RUE LITTRE;6ème Ardt;75106;2022-2023;Maternelle;"{""coordinates"": [2.323773103790429, 48.84564322059343], ""type"": ""Point""}";48.84564322059343, 2.323773103790429
MATERNELLES (année scolaire 2022/2023);LACORDAIRE (5) MAT;5 RUE LACORDAIRE;15ème Ardt;75115;2022-2023;Maternelle;"{""coordinates"": [2.284436119000751, 48.844068637365275], ""type"": ""Point""}";48.844068637365275, 2.284436119000751
MATERNELLES (année scolaire 2022/2023);MENILMONTANT (10) MAT;10 RUE DE MENILMONTANT;20ème Ardt;75120;2022-2023;Maternelle;"{""coordinates"": [2.384198062869916, 48.86725402416087], ""type"": ""Point""}";48.86725402416087, 2.384198062869916
MATERNELLES (année scolaire 2022/2023);JEAN-BAPTISTE CLEMENT (4) MAT;4 PLACE JEAN BAPTISTE CLEMENT;18ème Ardt;75118;2022-2023;Maternelle;"{""coordinates"": [2.33905967335306, 48.88651853117661], ""type"": ""Point""}";48.88651853117661, 2.33905967335306
MATERNELLES (année scolaire 2022/2023);VANEAU (48) MAT;48 RUE VANEAU;7ème Ardt;75107;2022-2023;Maternelle;"{""coordinates"": [2.3191643703035774, 48.85120382889964], ""type"": ""Point""}";48.85120382889964, 2.3191643703035774
MATERNELLES (année scolaire 2022/2023);MANIN (34) MAT;34 RUE MANIN;19ème Ardt;75119;2022-2023;Maternelle;"{""coordinates"": [2.389431821536466, 48.883500008329804], ""type"": ""Point""}";48.883500008329804, 2.389431821536466
MATERNELLES (année scolaire 2022/2023);BRUXELLES (34) MAT;34 RUE DE BRUXELLES;9ème Ardt;75109;2022-2023;Maternelle;"{""coordinates"": [2.3286838662964278, 48.882973714173346], ""type"": ""Point""}";48.882973714173346, 2.3286838662964278
MATERNELLES (année scolaire 2022/2023);MARCADET (29) MAT;29 RUE MARCADET;18ème Ardt;75118;2022-2023;Maternelle;"{""coordinates"": [2.352811098401421, 48.890330350988556], ""type"": ""Point""}";48.890330350988556, 2.352811098401421
MATERNELLES (année scolaire 2022/2023);TRAVERSIERE (41) MAT;41 RUE TRAVERSIERE;12ème Ardt;75112;2022-2023;Maternelle;"{""coordinates"": [2.3732439603398956, 48.847630956396955], ""type"": ""Point""}";48.847630956396955, 2.3732439603398956
MATERNELLES (année scolaire 2022/2023);MADAME (40) MAT;40 RUE MADAME;6ème Ardt;75106;2022-2023;Maternelle;"{""coordinates"": [2.3316188351297815, 48.84914349557892], ""type"": ""Point""}";48.84914349557892, 2.3316188351297815
MATERNELLES (année scolaire 2022/2023);MAURICE GENEVOIX (3) POLY;3 RUE MAURICE GENEVOIX;18ème Ardt;75118;;Polyvalent;"{""coordinates"": [2.3604653249850376, 48.8944552684476], ""type"": ""Point""}";48.8944552684476, 2.3604653249850376
MATERNELLES (année scolaire 2022/2023);TOMBE ISSOIRE (77) MAT;77 RUE DE LA TOMBE ISSOIRE;14ème Ardt;75114;2022-2023;Maternelle;"{""coordinates"": [2.332824268437374, 48.82812131962506], ""type"": ""Point""}";48.82812131962506, 2.332824268437374
MATERNELLES (année scolaire 2022/2023);OUEST (13) MAT;13 RUE DE L'OUEST;14ème Ardt;75114;2022-2023;Maternelle;"{""coordinates"": [2.3219948070797694, 48.83719803947304], ""type"": ""Point""}";48.83719803947304, 2.3219948070797694
MATERNELLES (année scolaire 2022/2023);ST BERNARD (39) MAT;39 RUE SAINT BERNARD;11ème Ardt;75111;2022-2023;Maternelle;"{""coordinates"": [2.3805645675256004, 48.85320559126304], ""type"": ""Point""}";48.85320559126304, 2.3805645675256004
MATERNELLES (année scolaire 2022/2023);BAYEN (56) MAT;56 RUE BAYEN;17ème Ardt;75117;2022-2023;Maternelle;"{""coordinates"": [2.29011418073213, 48.88354990061472], ""type"": ""Point""}";48.88354990061472, 2.29011418073213
MATERNELLES (année scolaire 2022/2023);GRANGE BATELIERE (11) MAT;11 RUE DE LA GRANGE BATELIERE;9ème Ardt;75109;2022-2023;Maternelle;"{""coordinates"": [2.34206379278396, 48.87301747146782], ""type"": ""Point""}";48.87301747146782, 2.34206379278396
MATERNELLES (année scolaire 2022/2023);BOIS (2) MAT;2 RUE DES BOIS;19ème Ardt;75119;2022-2023;Maternelle;"{""coordinates"": [2.395828176734433, 48.87764997219968], ""type"": ""Point""}";48.87764997219968, 2.395828176734433
MATERNELLES (année scolaire 2022/2023);PALIKAO (32) MAT;32 RUE DE PALI KAO;20ème Ardt;75120;2022-2023;Maternelle;"{""coordinates"": [2.38220604542203, 48.87041528652725], ""type"": ""Point""}";48.87041528652725, 2.38220604542203
MATERNELLES (année scolaire 2022/2023);GUTENBERG (72) MAT;72 RUE GUTENBERG;15ème Ardt;75115;2022-2023;Maternelle;"{""coordinates"": [2.278600402781948, 48.841378660694225], ""type"": ""Point""}";48.841378660694225, 2.278600402781948
MATERNELLES (année scolaire 2022/2023);BESLAY (2) MAT;2 PASSAGE BESLAY;11ème Ardt;75111;2022-2023;Maternelle;"{""coordinates"": [2.373467183874624, 48.863000845893396], ""type"": ""Point""}";48.863000845893396, 2.373467183874624
MATERNELLES (année scolaire 2022/2023);MIOLLIS (33) MAT;33 RUE MIOLLIS;15ème Ardt;75115;2022-2023;Maternelle;"{""coordinates"": [2.3024634736345475, 48.84541510740262], ""type"": ""Point""}";48.84541510740262, 2.3024634736345475
MATERNELLES (année scolaire 2022/2023);VOLONTAIRES (17) MAT;17 RUE DES VOLONTAIRES;15ème Ardt;75115;2022-2023;Maternelle;"{""coordinates"": [2.307453230084538, 48.84233015577324], ""type"": ""Point""}";48.84233015577324, 2.307453230084538
MATERNELLES (année scolaire 2022/2023);ROCHECHOUART (22) MAT;22 RUE DE ROCHECHOUART;9ème Ardt;75109;2022-2023;Maternelle;"{""coordinates"": [2.3449525194534546, 48.8777638014423], ""type"": ""Point""}";48.8777638014423, 2.3449525194534546
MATERNELLES (année scolaire 2022/2023);GAMBETTA (29) MAT;29 AVENUE GAMBETTA;20ème Ardt;75120;2022-2023;Maternelle;"{""coordinates"": [2.3918273371242567, 48.86409376538629], ""type"": ""Point""}";48.86409376538629, 2.3918273371242567
MATERNELLES (année scolaire 2022/2023);SURMELIN (18) MAT;18 RUE DU SURMELIN;20ème Ardt;75120;2022-2023;Maternelle;"{""coordinates"": [2.4031726014336607, 48.86793592440649], ""type"": ""Point""}";48.86793592440649, 2.4031726014336607
MATERNELLES (année scolaire 2022/2023);ST ANGE (14) MAT;14 PASSAGE SAINT ANGE;17ème Ardt;75117;2022-2023;Maternelle;"{""coordinates"": [2.3274317101488444, 48.89657309007504], ""type"": ""Point""}";48.89657309007504, 2.3274317101488444
