Type d'établissement - Année scolaire;Libellé établissement;Adresse;Arrondissement;Code INSEE;Année scolaire;Type établissement;created_user;created_date;last_edited_user;last_edited_date;geo_shape;geo_point_2d
ELEMENTAIRES (année scolaire 2022/2023);RICHOMME (9) ELEM;9 RUE RICHOMME;18ème Ardt;75118;2022-2023;Elémentaire;;;;;"{""coordinates"": [2.3521819392766203, 48.886416749925715], ""type"": ""Point""}";48.886416749925715, 2.3521819392766203
ELEMENTAIRES (année scolaire 2022/2023);ROMAINVILLE (57) ELEM A;57 RUE DE ROMAINVILLE;19ème Ardt;75119;2022-2023;Elémentaire;;;;;"{""coordinates"": [2.4030100064609767, 48.877417068605105], ""type"": ""Point""}";48.877417068605105, 2.4030100064609767
ELEMENTAIRES (année scolaire 2022/2023);KUSS (8) POLY;8 RUE KUSS;13ème Ardt;75113;2022-2023;Polyvalent;;;;;"{""coordinates"": [2.351305571901135, 48.8222309853145], ""type"": ""Point""}";48.8222309853145, 2.351305571901135
ELEMENTAIRES (année scolaire 2022/2023);SURENE (18) ELEM;18 RUE DE SURENE;8ème Ardt;75108;2022-2023;Elémentaire;;;;;"{""coordinates"": [2.3205725293511055, 48.87105988952709], ""type"": ""Point""}";48.87105988952709, 2.3205725293511055
ELEMENTAIRES (année scolaire 2022/2023);TLEMCEN (9) ELEM;9 RUE DE TLEMCEN;20ème Ardt;75120;2022-2023;Elémentaire;;;;;"{""coordinates"": [2.3870939730686542, 48.8645887365069], ""type"": ""Point""}";48.8645887365069, 2.3870939730686542
ELEMENTAIRES (année scolaire 2022/2023);ST LAMBERT (12) ELEM B;12 RUE SAINT LAMBERT;15ème Ardt;75115;2022-2023;Elémentaire;;;;;"{""coordinates"": [2.2909530840946912, 48.838088826246874], ""type"": ""Point""}";48.838088826246874, 2.2909530840946912
ELEMENTAIRES (année scolaire 2022/2023);MADAME (42) ELEM;42 RUE MADAME;6ème Ardt;75106;2022-2023;Elémentaire;;;;;"{""coordinates"": [2.3316036092806876, 48.84894226433001], ""type"": ""Point""}";48.84894226433001, 2.3316036092806876
ELEMENTAIRES (année scolaire 2022/2023);JEAN JAURES (160) ELEM;160 AVENUE JEAN JAURES;19ème Ardt;75119;2022-2023;Elémentaire;;;;;"{""coordinates"": [2.3880225161215285, 48.88728920069014], ""type"": ""Point""}";48.88728920069014, 2.3880225161215285
ELEMENTAIRES (année scolaire 2022/2023);JEANNE D ARC (33) ELEM A;33 PLACE JEANNE D'ARC;13ème Ardt;75113;2022-2023;Elémentaire;;;;;"{""coordinates"": [2.3674346036287446, 48.829783700856794], ""type"": ""Point""}";48.829783700856794, 2.3674346036287446
ELEMENTAIRES (année scolaire 2022/2023);DUNOIS (64) ELEM;64 RUE DUNOIS;13ème Ardt;75113;2022-2023;Elémentaire;;;;;"{""coordinates"": [2.366908902090558, 48.8327478426862], ""type"": ""Point""}";48.8327478426862, 2.366908902090558
ELEMENTAIRES (année scolaire 2022/2023);FALGUIERE (20) ELEM;20 RUE FALGUIERE;15ème Ardt;75115;2022-2023;Elémentaire;;;;;"{""coordinates"": [2.3166256618717864, 48.84323079035598], ""type"": ""Point""}";48.84323079035598, 2.3166256618717864
ELEMENTAIRES (année scolaire 2022/2023);LACORDAIRE (7) ELEM;7 RUE LACORDAIRE;15ème Ardt;75115;2022-2023;Elémentaire;;;;;"{""coordinates"": [2.2842520263403903, 48.84385786191493], ""type"": ""Point""}";48.84385786191493, 2.2842520263403903
ELEMENTAIRES (année scolaire 2022/2023);PARMENTIER (109) ELEM;109 AVENUE PARMENTIER;11ème Ardt;75111;2022-2023;Elémentaire;;;;;"{""coordinates"": [2.3726220771708006, 48.867615107544516], ""type"": ""Point""}";48.867615107544516, 2.3726220771708006
ELEMENTAIRES (année scolaire 2022/2023);DAUMESNIL (253 T) ELEM;253 ter AVENUE DAUMESNIL;12ème Ardt;75112;2022-2023;Elémentaire;;;;;"{""coordinates"": [2.4031182944378773, 48.83704465692328], ""type"": ""Point""}";48.83704465692328, 2.4031182944378773
ELEMENTAIRES (année scolaire 2022/2023);LEVERT (1) ELEM;1 RUE LEVERT;20ème Ardt;75120;2022-2023;Elémentaire;;;;;"{""coordinates"": [2.389634851915271, 48.87307278089847], ""type"": ""Point""}";48.87307278089847, 2.389634851915271
ELEMENTAIRES (année scolaire 2022/2023);BELLEVILLE (77) ELEM A;77 BLD DE BELLEVILLE;11ème Ardt;75111;2022-2023;Elémentaire;;;;;"{""coordinates"": [2.3774345605795686, 48.87127461968392], ""type"": ""Point""}";48.87127461968392, 2.3774345605795686
ELEMENTAIRES (année scolaire 2022/2023);ROUELLE (25) ELEM;25 RUE ROUELLE;15ème Ardt;75115;2022-2023;Elémentaire;;;;;"{""coordinates"": [2.2873973804104635, 48.85042161897221], ""type"": ""Point""}";48.85042161897221, 2.2873973804104635
ELEMENTAIRES (année scolaire 2022/2023);TOUR D'AUVERGNE (45) ELEM;45 RUE DE LA TOUR D'AUVERGNE;9ème Ardt;75109;2022-2023;Elémentaire;;;;;"{""coordinates"": [2.340911945925924, 48.879722479512736], ""type"": ""Point""}";48.879722479512736, 2.340911945925924
ELEMENTAIRES (année scolaire 2022/2023);ST CHARLES (197) ELEM;197 RUE SAINT CHARLES;15ème Ardt;75115;2022-2023;Elémentaire;;;;;"{""coordinates"": [2.2801710195474265, 48.84028793767265], ""type"": ""Point""}";48.84028793767265, 2.2801710195474265
ELEMENTAIRES (année scolaire 2022/2023);REPUBLIQUE (98) ELEM;98 AVENUE DE LA REPUBLIQUE;11ème Ardt;75111;2022-2023;Elémentaire;;;;;"{""coordinates"": [2.382373624144395, 48.86363057742458], ""type"": ""Point""}";48.86363057742458, 2.382373624144395
ELEMENTAIRES (année scolaire 2022/2023);BLOMET (19) ELEM;19 RUE BLOMET;15ème Ardt;75115;2022-2023;Elémentaire;;;;;"{""coordinates"": [2.3071755219437526, 48.843154953332736], ""type"": ""Point""}";48.843154953332736, 2.3071755219437526
ELEMENTAIRES (année scolaire 2022/2023);GAMBETTA (103) ELEM;103 AVENUE GAMBETTA;20ème Ardt;75120;2022-2023;Elémentaire;;;;;"{""coordinates"": [2.3999711395936014, 48.86682852043191], ""type"": ""Point""}";48.86682852043191, 2.3999711395936014
ELEMENTAIRES (année scolaire 2022/2023);ST LAMBERT (10) ELEM A;10 RUE SAINT LAMBERT;15ème Ardt;75115;2022-2023;Elémentaire;;;;;"{""coordinates"": [2.2909042375396065, 48.838126665571444], ""type"": ""Point""}";48.838126665571444, 2.2909042375396065
ELEMENTAIRES (année scolaire 2022/2023);ST MAUR (22) ELEM A;22 RUE SAINT MAUR;11ème Ardt;75111;2022-2023;Elémentaire;;;;;"{""coordinates"": [2.382040686270864, 48.86030901280041], ""type"": ""Point""}";48.86030901280041, 2.382040686270864
ELEMENTAIRES (année scolaire 2022/2023);GOUTTE D'OR (57) POLY;57 RUE DE LA GOUTTE D'OR;18ème Ardt;75118;2022-2023;Polyvalent;;;;;"{""coordinates"": [2.351019164902994, 48.88506323432988], ""type"": ""Point""}";48.88506323432988, 2.351019164902994
ELEMENTAIRES (année scolaire 2022/2023);PAJOL (11) POLY;11 RUE PAJOL;18ème Ardt;75118;2022-2023;Polyvalent;;;;;"{""coordinates"": [2.3606096722049075, 48.88557045298243], ""type"": ""Point""}";48.88557045298243, 2.3606096722049075
ELEMENTAIRES (année scolaire 2022/2023);PORTE BRANCION (5) ELEM;5 AVENUE DE LA PORTE BRANCION;15ème Ardt;75115;2022-2023;Elémentaire;;;;;"{""coordinates"": [2.3020938881021684, 48.82745045804661], ""type"": ""Point""}";48.82745045804661, 2.3020938881021684
ELEMENTAIRES (année scolaire 2022/2023);PRIMO LEVI (21) POLY;21 RUE PRIMO LEVI;13ème Ardt;75113;2022-2023;Polyvalent;;;;;"{""coordinates"": [2.378744900613383, 48.830541965283786], ""type"": ""Point""}";48.830541965283786, 2.378744900613383
ELEMENTAIRES (année scolaire 2022/2023);FOURCROY (12B) ELEM;12 bis RUE FOURCROY;17ème Ardt;75117;2022-2023;Elémentaire;;;;;"{""coordinates"": [2.2973220022149365, 48.88074263795132], ""type"": ""Point""}";48.88074263795132, 2.2973220022149365
ELEMENTAIRES (année scolaire 2022/2023);MOURAUD (5) ELEM;5 RUE MOURAUD;20ème Ardt;75120;2022-2023;Elémentaire;;;;;"{""coordinates"": [2.407718615101166, 48.85477058113677], ""type"": ""Point""}";48.85477058113677, 2.407718615101166
ELEMENTAIRES (année scolaire 2022/2023);LOUIS DE FUNES (2) POLY;2 ALLEE LOUIS DE FUNES;8ème Ardt;75108;2022-2023;Polyvalent;;;;;"{""coordinates"": [2.3058764604394946, 48.87590706075656], ""type"": ""Point""}";48.87590706075656, 2.3058764604394946
ELEMENTAIRES (année scolaire 2022/2023);AMPERE (18) ELEM;18 RUE AMPERE;17ème Ardt;75117;2022-2023;Elémentaire;;;;;"{""coordinates"": [2.3049460969373756, 48.88531855079069], ""type"": ""Point""}";48.88531855079069, 2.3049460969373756
ELEMENTAIRES (année scolaire 2022/2023);BELZUNCE (3) POLY;3 RUE DE BELZUNCE;10ème Ardt;75110;2022-2023;Polyvalent;;;;;"{""coordinates"": [2.352834090670799, 48.87919121558662], ""type"": ""Point""}";48.87919121558662, 2.352834090670799
ELEMENTAIRES (année scolaire 2022/2023);BAUDRICOURT (53) ELEM A;53 RUE BAUDRICOURT;13ème Ardt;75113;2022-2023;Elémentaire;;;;;"{""coordinates"": [2.3632610167782233, 48.825936484563044], ""type"": ""Point""}";48.825936484563044, 2.3632610167782233
ELEMENTAIRES (année scolaire 2022/2023);ARMAND CARREL (43) ELEM;43 RUE ARMAND CARREL;19ème Ardt;75119;2022-2023;Elémentaire;;;;;"{""coordinates"": [2.3766751079846076, 48.88265802269051], ""type"": ""Point""}";48.88265802269051, 2.3766751079846076
ELEMENTAIRES (année scolaire 2022/2023);JACQUES KELLNER (5) ELEM;5 RUE JACQUES KELLNER;17ème Ardt;75117;2022-2023;Elémentaire;;;;;"{""coordinates"": [2.324738339747166, 48.89663856496533], ""type"": ""Point""}";48.89663856496533, 2.324738339747166
ELEMENTAIRES (année scolaire 2022/2023);BUFFAULT (32) ELEM;32 RUE BUFFAULT;9ème Ardt;75109;2022-2023;Elémentaire;;;;;"{""coordinates"": [2.3424365708553445, 48.87631292671901], ""type"": ""Point""}";48.87631292671901, 2.3424365708553445
ELEMENTAIRES (année scolaire 2022/2023);GENERAL BRUNET (7) ELEM;7 RUE DU GENERAL BRUNET;19ème Ardt;75119;2022-2023;Elémentaire;;;;;"{""coordinates"": [2.390258806812806, 48.88026543101532], ""type"": ""Point""}";48.88026543101532, 2.390258806812806
ELEMENTAIRES (année scolaire 2022/2023);MADEMOISELLE (81) ELEM;81 RUE MADEMOISELLE;15ème Ardt;75115;2022-2023;Elémentaire;;;;;"{""coordinates"": [2.3004089747378615, 48.84338040601088], ""type"": ""Point""}";48.84338040601088, 2.3004089747378615
ELEMENTAIRES (année scolaire 2022/2023);FROMENT (13) ELEM;13 RUE FROMENT;11ème Ardt;75111;2022-2023;Elémentaire;;;;;"{""coordinates"": [2.3724940822965785, 48.857415457084], ""type"": ""Point""}";48.857415457084, 2.3724940822965785
ELEMENTAIRES (année scolaire 2022/2023);ST MAUR (200) ELEM;200 RUE SAINT MAUR;10ème Ardt;75110;2022-2023;Elémentaire;;;;;"{""coordinates"": [2.3716848483262667, 48.87223208176609], ""type"": ""Point""}";48.87223208176609, 2.3716848483262667
ELEMENTAIRES (année scolaire 2022/2023);LOUISE BOURGEOIS(19) POLY;19 RUE LOUISE BOURGEOIS;13ème Ardt;75113;2022-2023;Polyvalent;;;;;"{""coordinates"": [2.3792231081235613, 48.82607471323481], ""type"": ""Point""}";48.82607471323481, 2.3792231081235613
ELEMENTAIRES (année scolaire 2022/2023);BELLIARD (129) ELEM;129 RUE BELLIARD;18ème Ardt;75118;2022-2023;Elémentaire;;;;;"{""coordinates"": [2.335628779107625, 48.89634919984214], ""type"": ""Point""}";48.89634919984214, 2.335628779107625
ELEMENTAIRES (année scolaire 2022/2023);PLANCHAT (54) ELEM;54 RUE PLANCHAT;20ème Ardt;75120;2022-2023;Elémentaire;;;;;"{""coordinates"": [2.396473857834625, 48.85596385977355], ""type"": ""Point""}";48.85596385977355, 2.396473857834625
ELEMENTAIRES (année scolaire 2022/2023);OLIVIER METRA (32-34) POLY;32 RUE OLIVIER METRA;20ème Ardt;75120;2022-2023;Polyvalent;;;;;"{""coordinates"": [2.3938520000480055, 48.873298373241624], ""type"": ""Point""}";48.873298373241624, 2.3938520000480055
ELEMENTAIRES (année scolaire 2022/2023);TITON (14) ELEM;14 RUE TITON;11ème Ardt;75111;2022-2023;Elémentaire;;;;;"{""coordinates"": [2.3865243847790976, 48.85149661585574], ""type"": ""Point""}";48.85149661585574, 2.3865243847790976
ELEMENTAIRES (année scolaire 2022/2023);PHILIPPE DE GIRARD (58) ELEM;58 RUE PHILIPPE DE GIRARD;18ème Ardt;75118;2022-2023;Elémentaire;;;;;"{""coordinates"": [2.361158272620496, 48.886364926211776], ""type"": ""Point""}";48.886364926211776, 2.361158272620496
ELEMENTAIRES (année scolaire 2022/2023);WURTZ (16) ELEM;16 RUE WURTZ;13ème Ardt;75113;2022-2023;Elémentaire;;;;;"{""coordinates"": [2.344618527667761, 48.82693192147904], ""type"": ""Point""}";48.82693192147904, 2.344618527667761
ELEMENTAIRES (année scolaire 2022/2023);EUGENE REISZ (4) ELEM;4 RUE EUGENE REISZ;20ème Ardt;75120;2022-2023;Elémentaire;;;;;"{""coordinates"": [2.4108996524547845, 48.85660868082338], ""type"": ""Point""}";48.85660868082338, 2.4108996524547845
ELEMENTAIRES (année scolaire 2022/2023);JULIEN LACROIX (16) ELEM;16 RUE JULIEN LACROIX;20ème Ardt;75120;2022-2023;Elémentaire;;;;;"{""coordinates"": [2.3856093541592727, 48.86946324999071], ""type"": ""Point""}";48.86946324999071, 2.3856093541592727
ELEMENTAIRES (année scolaire 2022/2023);OURCQ (105B) ELEM B;105 bis RUE DE L'OURCQ (ECOLE B);19ème Ardt;75119;2022-2023;Elémentaire;;;;;"{""coordinates"": [2.3750753793415953, 48.893558392617535], ""type"": ""Point""}";48.893558392617535, 2.3750753793415953
ELEMENTAIRES (année scolaire 2022/2023);FELIX FAURE (56) ELEM;56 AVENUE FELIX FAURE;15ème Ardt;75115;2022-2023;Elémentaire;;;;;"{""coordinates"": [2.2866154944624646, 48.84069866655919], ""type"": ""Point""}";48.84069866655919, 2.2866154944624646
ELEMENTAIRES (année scolaire 2022/2023);BERANGER (3) ELEM;3 RUE BERANGER;3ème Ardt;75103;2022-2023;Elémentaire;;;;;"{""coordinates"": [2.3643829890695662, 48.864815899074266], ""type"": ""Point""}";48.864815899074266, 2.3643829890695662
ELEMENTAIRES (année scolaire 2022/2023);PYRENEES (293) ELEM A;293 RUE DES PYRENEES;20ème Ardt;75120;2022-2023;Elémentaire;;;;;"{""coordinates"": [2.394791134190265, 48.86940017074716], ""type"": ""Point""}";48.86940017074716, 2.394791134190265
ELEMENTAIRES (année scolaire 2022/2023);MURAT (162) ELEM;162 BOULEVARD MURAT;16ème Ardt;75116;2022-2023;Elémentaire;;;;;"{""coordinates"": [2.265105062095442, 48.838953773242956], ""type"": ""Point""}";48.838953773242956, 2.265105062095442
ELEMENTAIRES (année scolaire 2022/2023);MATHIS (14) ELEM;14 RUE MATHIS;19ème Ardt;75119;2022-2023;Elémentaire;;;;;"{""coordinates"": [2.375498128730608, 48.890865288285724], ""type"": ""Point""}";48.890865288285724, 2.375498128730608
ELEMENTAIRES (année scolaire 2022/2023);CHARENTON (315) ELEM;315 RUE DE CHARENTON;12ème Ardt;75112;2022-2023;Elémentaire;;;;;"{""coordinates"": [2.3951603278960523, 48.833631434636594], ""type"": ""Point""}";48.833631434636594, 2.3951603278960523
ELEMENTAIRES (année scolaire 2022/2023);POUCHET (42) ELEM;42 RUE POUCHET;17ème Ardt;75117;2022-2023;Elémentaire;;;;;"{""coordinates"": [2.320407237813889, 48.893826590439986], ""type"": ""Point""}";48.893826590439986, 2.320407237813889
ELEMENTAIRES (année scolaire 2022/2023);CLICHY (10) ELEM;10 RUE DE CLICHY;9ème Ardt;75109;2022-2023;Elémentaire;;;;;"{""coordinates"": [2.3304673759654397, 48.877726909314475], ""type"": ""Point""}";48.877726909314475, 2.3304673759654397
ELEMENTAIRES (année scolaire 2022/2023);VICTOR COUSIN (14) ELEM;14 RUE VICTOR COUSIN;5ème Ardt;75105;2022-2023;Elémentaire;;;;;"{""coordinates"": [2.3420801982320647, 48.84743178989317], ""type"": ""Point""}";48.84743178989317, 2.3420801982320647
ELEMENTAIRES (année scolaire 2022/2023);CHAT.DES RENTIERS (37) ELEM;37 RUE DU CHATEAU DES RENTIERS;13ème Ardt;75113;2022-2023;Elémentaire;;;;;"{""coordinates"": [2.3699765877898233, 48.824622417539395], ""type"": ""Point""}";48.824622417539395, 2.3699765877898233
ELEMENTAIRES (année scolaire 2022/2023);VIGEE LEBRUN (17) ELEM A;17 RUE VIGEE LEBRUN;15ème Ardt;75115;2022-2023;Elémentaire;;;;;"{""coordinates"": [2.3109555168157114, 48.83885497070429], ""type"": ""Point""}";48.83885497070429, 2.3109555168157114
ELEMENTAIRES (année scolaire 2022/2023);LAMORICIERE (8) ELEM B;8 AVENUE LAMORICIERE;12ème Ardt;75112;2022-2023;Elémentaire;;;;;"{""coordinates"": [2.4122502419822465, 48.84473017003697], ""type"": ""Point""}";48.84473017003697, 2.4122502419822465
ELEMENTAIRES (année scolaire 2022/2023);HAMELIN (21) ELEM;21 RUE DE L'AMIRAL HAMELIN;16ème Ardt;75116;2022-2023;Elémentaire;;;;;"{""coordinates"": [2.2919498274573917, 48.867422136722084], ""type"": ""Point""}";48.867422136722084, 2.2919498274573917
ELEMENTAIRES (année scolaire 2022/2023);AUBERVILLIERS (132) ELEM;132 RUE D'AUBERVILLIERS;19ème Ardt;75119;2022-2023;Elémentaire;;;;;"{""coordinates"": [2.3693696822056296, 48.89194768694661], ""type"": ""Point""}";48.89194768694661, 2.3693696822056296
ELEMENTAIRES (année scolaire 2022/2023);EVA KOTCHEVER (4) POLY;4 RUE EVA KOTCHEVER;18ème Ardt;75118;2022-2023;Polyvalent;;;;;"{""coordinates"": [2.3576876625309735, 48.89716088986233], ""type"": ""Point""}";48.89716088986233, 2.3576876625309735
ELEMENTAIRES (année scolaire 2022/2023);SIMON BOLIVAR (119) ELEM B;119 AVENUE SIMON BOLIVAR (EC.B;19ème Ardt;75119;2022-2023;Elémentaire;;;;;"{""coordinates"": [2.374187395474631, 48.87983801495678], ""type"": ""Point""}";48.87983801495678, 2.374187395474631
ELEMENTAIRES (année scolaire 2022/2023);BUFFON (21)  ELEM;21 RUE BUFFON;5ème Ardt;75105;2022-2023;Elémentaire;;;;;"{""coordinates"": [2.3612490633925756, 48.84248272252251], ""type"": ""Point""}";48.84248272252251, 2.3612490633925756
ELEMENTAIRES (année scolaire 2022/2023);VOLTAIRE (8) ELEM;8 CITE VOLTAIRE;11ème Ardt;75111;2022-2023;Elémentaire;;;;;"{""coordinates"": [2.3904995764405164, 48.852651927441485], ""type"": ""Point""}";48.852651927441485, 2.3904995764405164
ELEMENTAIRES (année scolaire 2022/2023);HOPITAL ST LOUIS(5) ELEM;5 RUE DE L HOPITAL ST LOUIS;10ème Ardt;75110;2022-2023;Elémentaire;;;;;"{""coordinates"": [2.365421164172451, 48.87488150537698], ""type"": ""Point""}";48.87488150537698, 2.365421164172451
ELEMENTAIRES (année scolaire 2022/2023);MONT CENIS (26) ELEM;26 RUE DU MONT CENIS;18ème Ardt;75118;2022-2023;Elémentaire;;;;;"{""coordinates"": [2.342154627313641, 48.88854677723922], ""type"": ""Point""}";48.88854677723922, 2.342154627313641
ELEMENTAIRES (année scolaire 2022/2023);LE VAU (20) ELEM A;20 RUE LE VAU;20ème Ardt;75120;2022-2023;Elémentaire;;;;;"{""coordinates"": [2.411209868048887, 48.86753211258313], ""type"": ""Point""}";48.86753211258313, 2.411209868048887
ELEMENTAIRES (année scolaire 2022/2023);COLETTE MAGNY (17) ELEM;17 RUE COLETTE MAGNY;19ème Ardt;75119;2022-2023;Elémentaire;;;;;"{""coordinates"": [2.374620279812698, 48.89490828414763], ""type"": ""Point""}";48.89490828414763, 2.374620279812698
ELEMENTAIRES (année scolaire 2022/2023);JENNER (40) ELEM A;40 RUE JENNER;13ème Ardt;75113;2022-2023;Elémentaire;;;;;"{""coordinates"": [2.361854828058952, 48.83560332890016], ""type"": ""Point""}";48.83560332890016, 2.361854828058952
ELEMENTAIRES (année scolaire 2022/2023);ALESIA (12) ELEM;12 RUE D'ALESIA;14ème Ardt;75114;2022-2023;Elémentaire;;;;;"{""coordinates"": [2.3339874505395874, 48.8277006434855], ""type"": ""Point""}";48.8277006434855, 2.3339874505395874
ELEMENTAIRES (année scolaire 2022/2023);MARSOULAN (19) ELEM;19 RUE MARSOULAN;12ème Ardt;75112;2022-2023;Elémentaire;;;;;"{""coordinates"": [2.4031566848379704, 48.84639431441528], ""type"": ""Point""}";48.84639431441528, 2.4031566848379704
ELEMENTAIRES (année scolaire 2022/2023);DAMESME (5) ELEM;5 RUE DAMESME;13ème Ardt;75113;2022-2023;Elémentaire;;;;;"{""coordinates"": [2.355436266356012, 48.825097701173775], ""type"": ""Point""}";48.825097701173775, 2.355436266356012
ELEMENTAIRES (année scolaire 2022/2023);JOUFFROY (20) ELEM;20 RUE JOUFFROY D'ABBANS;17ème Ardt;75117;2022-2023;Elémentaire;;;;;"{""coordinates"": [2.310896770755844, 48.886500433015385], ""type"": ""Point""}";48.886500433015385, 2.310896770755844
ELEMENTAIRES (année scolaire 2022/2023);TANGER (17) ELEM;17 RUE DE TANGER;19ème Ardt;75119;2022-2023;Elémentaire;;;;;"{""coordinates"": [2.368120345247023, 48.885634471865814], ""type"": ""Point""}";48.885634471865814, 2.368120345247023
ELEMENTAIRES (année scolaire 2022/2023);MANIN (40B) ELEM;40 bis RUE MANIN;19ème Ardt;75119;2022-2023;Elémentaire;;;;;"{""coordinates"": [2.3907149240403682, 48.88401210073235], ""type"": ""Point""}";48.88401210073235, 2.3907149240403682
ELEMENTAIRES (année scolaire 2022/2023);CHAMPIONNET (113) POLY;113 RUE CHAMPIONNET;18ème Ardt;75118;2022-2023;Polyvalent;;;;;"{""coordinates"": [2.339143362226737, 48.895588312904216], ""type"": ""Point""}";48.895588312904216, 2.339143362226737
ELEMENTAIRES (année scolaire 2022/2023);ST BENOIT (12) POLY;12 RUE SAINT BENOIT;6ème Ardt;75106;2022-2023;Polyvalent;;;;;"{""coordinates"": [2.333048442235988, 48.855099621956185], ""type"": ""Point""}";48.855099621956185, 2.333048442235988
ELEMENTAIRES (année scolaire 2022/2023);SORBIER (15) ELEM;15 RUE SORBIER;20ème Ardt;75120;2022-2023;Elémentaire;;;;;"{""coordinates"": [2.392126579139312, 48.86643405486063], ""type"": ""Point""}";48.86643405486063, 2.392126579139312
ELEMENTAIRES (année scolaire 2022/2023);MUSSET (20) ELEM;20 RUE DE MUSSET;16ème Ardt;75116;2022-2023;Elémentaire;;;;;"{""coordinates"": [2.2635396931463285, 48.84208224093171], ""type"": ""Point""}";48.84208224093171, 2.2635396931463285
ELEMENTAIRES (année scolaire 2022/2023);BELLES FEUILLES (3) POLY;3 IMPASSE DES BELLES FEUILLES;16ème Ardt;75116;2022-2023;Polyvalent;;;;;"{""coordinates"": [2.2807781660877846, 48.868835717142865], ""type"": ""Point""}";48.868835717142865, 2.2807781660877846
ELEMENTAIRES (année scolaire 2022/2023);OUEST (69) POLY;69 RUE DE L'OUEST;14ème Ardt;75114;2022-2023;Polyvalent;;;;;"{""coordinates"": [2.3185603650345095, 48.835649604477425], ""type"": ""Point""}";48.835649604477425, 2.3185603650345095
ELEMENTAIRES (année scolaire 2022/2023);TROIS BORNES (39) ELEM;39 RUE DES TROIS BORNES;11ème Ardt;75111;2022-2023;Elémentaire;;;;;"{""coordinates"": [2.3746009950485596, 48.86734855731877], ""type"": ""Point""}";48.86734855731877, 2.3746009950485596
ELEMENTAIRES (année scolaire 2022/2023);POMMARD (4) ELEM;4 RUE DE POMMARD;12ème Ardt;75112;2022-2023;Elémentaire;;;;;"{""coordinates"": [2.385128853002577, 48.83564931307004], ""type"": ""Point""}";48.83564931307004, 2.385128853002577
ELEMENTAIRES (année scolaire 2022/2023);PARC DES PRINCES (23) ELEM;23 AVENUE DU PARC DES PRINCES;16ème Ardt;75116;2022-2023;Elémentaire;;;;;"{""coordinates"": [2.2546492073005466, 48.840918388943386], ""type"": ""Point""}";48.840918388943386, 2.2546492073005466
ELEMENTAIRES (année scolaire 2022/2023);ALOUETTES (5) ELEM;5 RUE DES ALOUETTES;19ème Ardt;75119;2022-2023;Elémentaire;;;;;"{""coordinates"": [2.3852236415460415, 48.87709682178561], ""type"": ""Point""}";48.87709682178561, 2.3852236415460415
ELEMENTAIRES (année scolaire 2022/2023);DOMBASLE (28) POLY;28 RUE DOMBASLE;15ème Ardt;75115;2022-2023;Polyvalent;;;;;"{""coordinates"": [2.2982071009745404, 48.835881038952365], ""type"": ""Point""}";48.835881038952365, 2.2982071009745404
ELEMENTAIRES (année scolaire 2022/2023);OLIVIER METRA (22) ELEM B;22 RUE OLIVIER METRA;20ème Ardt;75120;2022-2023;Elémentaire;;;;;"{""coordinates"": [2.394340268963193, 48.87289260018306], ""type"": ""Point""}";48.87289260018306, 2.394340268963193
ELEMENTAIRES (année scolaire 2022/2023);AMANDIERS (103-111) ELEM;103 RUE DES AMANDIERS;20ème Ardt;75120;2022-2023;Elémentaire;;;;;"{""coordinates"": [2.388823859761124, 48.86743831631731], ""type"": ""Point""}";48.86743831631731, 2.388823859761124
ELEMENTAIRES (année scolaire 2022/2023);MARTEL (9) ELEM;9 RUE MARTEL;10ème Ardt;75110;2022-2023;Elémentaire;;;;;"{""coordinates"": [2.3529146234831875, 48.873975166082054], ""type"": ""Point""}";48.873975166082054, 2.3529146234831875
ELEMENTAIRES (année scolaire 2022/2023);JUSSIENNE (3) ELEM;3 RUE DE LA JUSSIENNE;2ème Ardt;75102;2022-2023;Elémentaire;;;;;"{""coordinates"": [2.3440910498073237, 48.86530003557967], ""type"": ""Point""}";48.86530003557967, 2.3440910498073237
ELEMENTAIRES (année scolaire 2022/2023);BLANCHE (9) ELEM;9 RUE BLANCHE;9ème Ardt;75109;2022-2023;Elémentaire;;;;;"{""coordinates"": [2.3317864542700892, 48.877968149024085], ""type"": ""Point""}";48.877968149024085, 2.3317864542700892
ELEMENTAIRES (année scolaire 2022/2023);GOUBET (4) ELEM;4 RUE GOUBET;19ème Ardt;75119;2022-2023;Elémentaire;;;;;"{""coordinates"": [2.3903302155166273, 48.88459274589403], ""type"": ""Point""}";48.88459274589403, 2.3903302155166273
ELEMENTAIRES (année scolaire 2022/2023);CORBON (3) ELEM;3 RUE CORBON;15ème Ardt;75115;2022-2023;Elémentaire;;;;;"{""coordinates"": [2.3032996648591224, 48.836539511701346], ""type"": ""Point""}";48.836539511701346, 2.3032996648591224
ELEMENTAIRES (année scolaire 2022/2023);LEMERCIER (105) ELEM;105 RUE LEMERCIER;17ème Ardt;75117;2022-2023;Elémentaire;;;;;"{""coordinates"": [2.3180828693182614, 48.889703306158204], ""type"": ""Point""}";48.889703306158204, 2.3180828693182614
ELEMENTAIRES (année scolaire 2022/2023);NEUVE ST PIERRE (15) ELEM;15 RUE NEUVE SAINT PIERRE;4ème Ardt;75104;2022-2023;Elémentaire;;;;;"{""coordinates"": [2.363136633035867, 48.853791125770925], ""type"": ""Point""}";48.853791125770925, 2.363136633035867
ELEMENTAIRES (année scolaire 2022/2023);CLIGNANCOURT (61) ELEM;61 RUE DE CLIGNANCOURT;18ème Ardt;75118;2022-2023;Elémentaire;;;;;"{""coordinates"": [2.3477978551722156, 48.88793298898723], ""type"": ""Point""}";48.88793298898723, 2.3477978551722156
ELEMENTAIRES (année scolaire 2022/2023);BOILEAU (17-23) ELEM;17 RUE BOILEAU;16ème Ardt;75116;2022-2023;Elémentaire;;;;;"{""coordinates"": [2.2652642274848054, 48.84634434555367], ""type"": ""Point""}";48.84634434555367, 2.2652642274848054
ELEMENTAIRES (année scolaire 2022/2023);FESSART (4) ELEM;4 RUE FESSART;19ème Ardt;75119;2022-2023;Elémentaire;;;;;"{""coordinates"": [2.3886273989289553, 48.87620483668461], ""type"": ""Point""}";48.87620483668461, 2.3886273989289553
ELEMENTAIRES (année scolaire 2022/2023);CHEMINETS (16) ELEM;16 RUE DES CHEMINETS;19ème Ardt;75119;2022-2023;Elémentaire;;;;;"{""coordinates"": [2.398716274912107, 48.88764655890308], ""type"": ""Point""}";48.88764655890308, 2.398716274912107
ELEMENTAIRES (année scolaire 2022/2023);HOSPITAL. ST GERVAIS (10) POLY;10 R HOSPITALIERES ST GERVAIS;4ème Ardt;75104;2022-2023;Polyvalent;;;;;"{""coordinates"": [2.3591417819637286, 48.85791478449449], ""type"": ""Point""}";48.85791478449449, 2.3591417819637286
ELEMENTAIRES (année scolaire 2022/2023);BIENFAISANCE (12 B) ELEM;12 bis RUE DE LA BIENFAISANCE;8ème Ardt;75108;2022-2023;Elémentaire;;;;;"{""coordinates"": [2.319889926990038, 48.87680400093471], ""type"": ""Point""}";48.87680400093471, 2.319889926990038
ELEMENTAIRES (année scolaire 2022/2023);CHAMPIONNET (7) ELEM;7 RUE CHAMPIONNET;18ème Ardt;75118;2022-2023;Elémentaire;;;;;"{""coordinates"": [2.352078967239756, 48.8951291384835], ""type"": ""Point""}";48.8951291384835, 2.352078967239756
ELEMENTAIRES (année scolaire 2022/2023);TURENNE (54) ELEM;54 RUE DE TURENNE;3ème Ardt;75103;2022-2023;Elémentaire;;;;;"{""coordinates"": [2.364618639218445, 48.85856653813548], ""type"": ""Point""}";48.85856653813548, 2.364618639218445
ELEMENTAIRES (année scolaire 2022/2023);CHARENTON (51) ELEM;51 RUE DE CHARENTON;12ème Ardt;75112;2022-2023;Elémentaire;;;;;"{""coordinates"": [2.372733395437256, 48.85107476602295], ""type"": ""Point""}";48.85107476602295, 2.372733395437256
ELEMENTAIRES (année scolaire 2022/2023);RECOLLETS (19) ELEM;19 PASSAGE DES RECOLLETS;10ème Ardt;75110;2022-2023;Elémentaire;;;;;"{""coordinates"": [2.360525786029718, 48.87430550401081], ""type"": ""Point""}";48.87430550401081, 2.360525786029718
ELEMENTAIRES (année scolaire 2022/2023);ST DIDIER (15B) POLY;15 bis RUE SAINT DIDIER;16ème Ardt;75116;2022-2023;Polyvalent;;;;;"{""coordinates"": [2.287603099939645, 48.86614055402534], ""type"": ""Point""}";48.86614055402534, 2.287603099939645
ELEMENTAIRES (année scolaire 2022/2023);PONTOISE (21) ELEM;21 RUE DE PONTOISE;5ème Ardt;75105;2022-2023;Elémentaire;;;;;"{""coordinates"": [2.351264112994486, 48.84874986089501], ""type"": ""Point""}";48.84874986089501, 2.351264112994486
ELEMENTAIRES (année scolaire 2022/2023);LAS CASES (27) POLY;27 RUE LAS CASES;7ème Ardt;75107;2022-2023;Polyvalent;;;;;"{""coordinates"": [2.318591447403378, 48.858978422295145], ""type"": ""Point""}";48.858978422295145, 2.318591447403378
ELEMENTAIRES (année scolaire 2022/2023);REUILLY (57) ELEM A;57 RUE DE REUILLY (ECOLE B);12ème Ardt;75112;2022-2023;Elémentaire;;;;;"{""coordinates"": [2.3885836839710275, 48.845764391837214], ""type"": ""Point""}";48.845764391837214, 2.3885836839710275
ELEMENTAIRES (année scolaire 2022/2023);LANCRY (15) POLY;15 RUE DE LANCRY;10ème Ardt;75110;2022-2023;Polyvalent;;;;;"{""coordinates"": [2.360343892968746, 48.8695684314418], ""type"": ""Point""}";48.8695684314418, 2.360343892968746
ELEMENTAIRES (année scolaire 2022/2023);MARE (42) ELEM;42 RUE DE LA MARE;20ème Ardt;75120;2022-2023;Elémentaire;;;;;"{""coordinates"": [2.389964695261338, 48.87110111953217], ""type"": ""Point""}";48.87110111953217, 2.389964695261338
ELEMENTAIRES (année scolaire 2022/2023);MARGUERITE LONG (5) POLY;5 RUE MARGUERITE LONG;17ème Ardt;75117;2022-2023;Polyvalent;;;;;"{""coordinates"": [2.304519099872852, 48.89101309347151], ""type"": ""Point""}";48.89101309347151, 2.304519099872852
ELEMENTAIRES (année scolaire 2022/2023);PIERRE FONCIN (4) POLY B;4 RUE PIERRE FONCIN;20ème Ardt;75120;2022-2023;Polyvalent;;;;;"{""coordinates"": [2.4093898611624813, 48.87134728251425], ""type"": ""Point""}";48.87134728251425, 2.4093898611624813
ELEMENTAIRES (année scolaire 2022/2023);TELEGRAPHE (29) ELEM;29 RUE DU TELEGRAPHE;20ème Ardt;75120;2022-2023;Elémentaire;;;;;"{""coordinates"": [2.399105785179328, 48.873410665618245], ""type"": ""Point""}";48.873410665618245, 2.399105785179328
ELEMENTAIRES (année scolaire 2022/2023);PLAINE (11) ELEM A;11 RUE DE LA PLAINE;20ème Ardt;75120;2022-2023;Elémentaire;;;;;"{""coordinates"": [2.4005097395061084, 48.85004071996684], ""type"": ""Point""}";48.85004071996684, 2.4005097395061084
ELEMENTAIRES (année scolaire 2022/2023);VERTUS (8) ELEM;8 RUE DES VERTUS;3ème Ardt;75103;2022-2023;Elémentaire;;;;;"{""coordinates"": [2.3578727079980313, 48.864164450013334], ""type"": ""Point""}";48.864164450013334, 2.3578727079980313
ELEMENTAIRES (année scolaire 2022/2023);ST ISAURE (18) ELEM;18 RUE SAINTE ISAURE;18ème Ardt;75118;2022-2023;Elémentaire;;;;;"{""coordinates"": [2.3444301537371888, 48.89416202254935], ""type"": ""Point""}";48.89416202254935, 2.3444301537371888
ELEMENTAIRES (année scolaire 2022/2023);ALQUIER DEBROUSSE (12) POLY;12 ALLEE ALQUIER DEBROUSSE;20ème Ardt;75120;2022-2023;Polyvalent;;;;;"{""coordinates"": [2.4083763117233428, 48.86126569638179], ""type"": ""Point""}";48.86126569638179, 2.4083763117233428
ELEMENTAIRES (année scolaire 2022/2023);LESSEPS (9) ELEM B;9 RUE DE LESSEPS;20ème Ardt;75120;2022-2023;Elémentaire;;;;;"{""coordinates"": [2.4001687751364003, 48.858711483181985], ""type"": ""Point""}";48.858711483181985, 2.4001687751364003
ELEMENTAIRES (année scolaire 2022/2023);JARDINET (7) ELEM;7 RUE DU JARDINET;6ème Ardt;75106;2022-2023;Elémentaire;;;;;"{""coordinates"": [2.3400083983518742, 48.85266457082728], ""type"": ""Point""}";48.85266457082728, 2.3400083983518742
ELEMENTAIRES (année scolaire 2022/2023);M. ROSTROPOVITCH (34) POLY;34 RUE MSTISLAV ROSTROPOVITCH;17ème Ardt;75117;2022-2023;Polyvalent;;;;;"{""coordinates"": [2.3129853283505617, 48.89002009578474], ""type"": ""Point""}";48.89002009578474, 2.3129853283505617
ELEMENTAIRES (année scolaire 2022/2023);PICPUS (56) ELEM A;56 RUE DE PICPUS (ECOLE B);12ème Ardt;75112;2022-2023;Elémentaire;;;;;"{""coordinates"": [2.396622583993179, 48.84359141551742], ""type"": ""Point""}";48.84359141551742, 2.396622583993179
ELEMENTAIRES (année scolaire 2022/2023);TOURNELLES (21) POLY;21 RUE DES TOURNELLES;4ème Ardt;75104;2022-2023;Polyvalent;;;;;"{""coordinates"": [2.3673903615961445, 48.85432879792764], ""type"": ""Point""}";48.85432879792764, 2.3673903615961445
ELEMENTAIRES (année scolaire 2022/2023);GLACIERE (100) ELEM;100 RUE DE LA GLACIERE;13ème Ardt;75113;2022-2023;Elémentaire;;;;;"{""coordinates"": [2.3429107032425702, 48.829792234688384], ""type"": ""Point""}";48.829792234688384, 2.3429107032425702
ELEMENTAIRES (année scolaire 2022/2023);GUADELOUPE (2) ELEM;2 RUE DE LA GUADELOUPE;18ème Ardt;75118;2022-2023;Elémentaire;;;;;"{""coordinates"": [2.362632090671074, 48.890753007443514], ""type"": ""Point""}";48.890753007443514, 2.362632090671074
ELEMENTAIRES (année scolaire 2022/2023);PIERRE BROSSOLETTE (2) ELEM;2 RUE PIERRE BROSSOLETTE;5ème Ardt;75105;2022-2023;Elémentaire;;;;;"{""coordinates"": [2.3476035919781615, 48.841970799603374], ""type"": ""Point""}";48.841970799603374, 2.3476035919781615
ELEMENTAIRES (année scolaire 2022/2023);ROLLIN (10) ELEM;10 RUE ROLLIN;5ème Ardt;75105;2022-2023;Elémentaire;;;;;"{""coordinates"": [2.3508535762464757, 48.844748853550115], ""type"": ""Point""}";48.844748853550115, 2.3508535762464757
ELEMENTAIRES (année scolaire 2022/2023);MANIN (30) ELEM B;30 RUE MANIN;19ème Ardt;75119;2022-2023;Elémentaire;;;;;"{""coordinates"": [2.3890523258108693, 48.88335333939429], ""type"": ""Point""}";48.88335333939429, 2.3890523258108693
ELEMENTAIRES (année scolaire 2022/2023);PROVIDENCE (7) ELEM B;7 RUE DE LA PROVIDENCE;13ème Ardt;75113;2022-2023;Elémentaire;;;;;"{""coordinates"": [2.3486871261789273, 48.82543046311987], ""type"": ""Point""}";48.82543046311987, 2.3486871261789273
ELEMENTAIRES (année scolaire 2022/2023);COLONEL MOLL (16) ELEM;16 RUE DU COLONEL MOLL;17ème Ardt;75117;2022-2023;Elémentaire;;;;;"{""coordinates"": [2.2901010627457095, 48.87801285587208], ""type"": ""Point""}";48.87801285587208, 2.2901010627457095
ELEMENTAIRES (année scolaire 2022/2023);HENRI NOGUERES (10) POLY;10 RUE HENRI NOGUERES;19ème Ardt;75119;2022-2023;Polyvalent;;;;;"{""coordinates"": [2.3746839087651463, 48.88463842304931], ""type"": ""Point""}";48.88463842304931, 2.3746839087651463
ELEMENTAIRES (année scolaire 2022/2023);REPUBLIQUE (100) ELEM;100 AVENUE DE LA REPUBLIQUE;11ème Ardt;75111;2022-2023;Elémentaire;;;;;"{""coordinates"": [2.3827617701459625, 48.863557047700674], ""type"": ""Point""}";48.863557047700674, 2.3827617701459625
ELEMENTAIRES (année scolaire 2022/2023);EUGENIE COTTON (16) ELEM B;16 RUE EUGENIE COTTON (ECOLE A;19ème Ardt;75119;2022-2023;Elémentaire;;;;;"{""coordinates"": [2.3945249391432957, 48.87874197496205], ""type"": ""Point""}";48.87874197496205, 2.3945249391432957
ELEMENTAIRES (année scolaire 2022/2023);BRUXELLES (32) ELEM;32 RUE DE BRUXELLES;9ème Ardt;75109;2022-2023;Elémentaire;;;;;"{""coordinates"": [2.3288013997792945, 48.882999745994724], ""type"": ""Point""}";48.882999745994724, 2.3288013997792945
ELEMENTAIRES (année scolaire 2022/2023);EMERIAU (10) ELEM;10 RUE EMERIAU;15ème Ardt;75115;2022-2023;Elémentaire;;;;;"{""coordinates"": [2.2881262031443153, 48.851594038090354], ""type"": ""Point""}";48.851594038090354, 2.2881262031443153
ELEMENTAIRES (année scolaire 2022/2023);SAUSSURE (101) ELEM;101 RUE DE SAUSSURE;17ème Ardt;75117;2022-2023;Elémentaire;;;;;"{""coordinates"": [2.311717565640409, 48.8874299696971], ""type"": ""Point""}";48.8874299696971, 2.311717565640409
ELEMENTAIRES (année scolaire 2022/2023);PICPUS (56) ELEM B;56 RUE DE PICPUS (ECOLE B);12ème Ardt;75112;2022-2023;Elémentaire;;;;;"{""coordinates"": [2.396622583993179, 48.84359141551742], ""type"": ""Point""}";48.84359141551742, 2.396622583993179
ELEMENTAIRES (année scolaire 2022/2023);KUSS (8) ELEM;8 RUE KUSS;13ème Ardt;75113;2022-2023;Elémentaire;;;;;"{""coordinates"": [2.351305571901135, 48.8222309853145], ""type"": ""Point""}";48.8222309853145, 2.351305571901135
ELEMENTAIRES (année scolaire 2022/2023);ST LOUIS EN L'ILE (21) ELEM;21 RUE SAINT LOUIS EN L'ILE;4ème Ardt;75104;2022-2023;Elémentaire;;;;;"{""coordinates"": [2.357240563834992, 48.85153571867266], ""type"": ""Point""}";48.85153571867266, 2.357240563834992
ELEMENTAIRES (année scolaire 2022/2023);MOTTE PICQUET (10) ELEM;10 AVENUE DE LA MOTTE PICQUET;7ème Ardt;75107;2022-2023;Elémentaire;;;;;"{""coordinates"": [2.3090800630685306, 48.85691248507425], ""type"": ""Point""}";48.85691248507425, 2.3090800630685306
ELEMENTAIRES (année scolaire 2022/2023);BOUVINES (4) ELEM;4 AVENUE DE BOUVINES;11ème Ardt;75111;2022-2023;Elémentaire;;;;;"{""coordinates"": [2.39650049769645, 48.84985276951626], ""type"": ""Point""}";48.84985276951626, 2.39650049769645
ELEMENTAIRES (année scolaire 2022/2023);PIHET (1) ELEM;1 RUE PIHET;11ème Ardt;75111;2022-2023;Elémentaire;;;;;"{""coordinates"": [2.3738819813832723, 48.8634548011733], ""type"": ""Point""}";48.8634548011733, 2.3738819813832723
ELEMENTAIRES (année scolaire 2022/2023);CLOS (18) ELEM;18 RUE DU CLOS;20ème Ardt;75120;2022-2023;Elémentaire;;;;;"{""coordinates"": [2.407068203473641, 48.857226830493836], ""type"": ""Point""}";48.857226830493836, 2.407068203473641
ELEMENTAIRES (année scolaire 2022/2023);COMPANS (106) ELEM A;106 RUE COMPANS;19ème Ardt;75119;2022-2023;Elémentaire;;;;;"{""coordinates"": [2.389781418436631, 48.880385546568775], ""type"": ""Point""}";48.880385546568775, 2.389781418436631
ELEMENTAIRES (année scolaire 2022/2023);CARDINAL AMETTE (3) ELEM;3 PLACE DU CARDINAL AMETTE;15ème Ardt;75115;2022-2023;Elémentaire;;;;;"{""coordinates"": [2.297107585629458, 48.85093752536021], ""type"": ""Point""}";48.85093752536021, 2.297107585629458
ELEMENTAIRES (année scolaire 2022/2023);MAURICE GENEVOIX (3) POLY;3 RUE MAURICE GENEVOIX;18ème Ardt;75118;2022-2023;Polyvalent;;;;;"{""coordinates"": [2.3604653249850376, 48.8944552684476], ""type"": ""Point""}";48.8944552684476, 2.3604653249850376
ELEMENTAIRES (année scolaire 2022/2023);PARMENTIER (11B) ELEM;11 bis AVENUE PARMENTIER;11ème Ardt;75111;2022-2023;Elémentaire;;;;;"{""coordinates"": [2.3788002257014074, 48.859756038515556], ""type"": ""Point""}";48.859756038515556, 2.3788002257014074
ELEMENTAIRES (année scolaire 2022/2023);EBLE (14) ELEM;14 RUE EBLE;7ème Ardt;75107;2022-2023;Elémentaire;;;;;"{""coordinates"": [2.3129223063567297, 48.84899535283046], ""type"": ""Point""}";48.84899535283046, 2.3129223063567297
ELEMENTAIRES (année scolaire 2022/2023);FOYATIER (1) ELEM;1 RUE FOYATIER;18ème Ardt;75118;2022-2023;Elémentaire;;;;;"{""coordinates"": [2.3423908901878874, 48.884669209199586], ""type"": ""Point""}";48.884669209199586, 2.3423908901878874
ELEMENTAIRES (année scolaire 2022/2023);CHAMPAGNE (17) POLY;17 CITE CHAMPAGNE;20ème Ardt;75120;2022-2023;Polyvalent;;;;;"{""coordinates"": [2.4042089809108966, 48.85333032620816], ""type"": ""Point""}";48.85333032620816, 2.4042089809108966
ELEMENTAIRES (année scolaire 2022/2023);PYRENEES (291) ELEM B;291 RUE DES PYRENEES;20ème Ardt;75120;2022-2023;Elémentaire;;;;;"{""coordinates"": [2.394876559204671, 48.86929088174666], ""type"": ""Point""}";48.86929088174666, 2.394876559204671
ELEMENTAIRES (année scolaire 2022/2023);TANDOU (9) ELEM;9 RUE TANDOU;19ème Ardt;75119;2022-2023;Elémentaire;;;;;"{""coordinates"": [2.379257318602095, 48.8860453090761], ""type"": ""Point""}";48.8860453090761, 2.379257318602095
ELEMENTAIRES (année scolaire 2022/2023);OLIVIER DE SERRES (27) ELEM;27 RUE OLIVIER DE SERRES;15ème Ardt;75115;2022-2023;Elémentaire;;;;;"{""coordinates"": [2.2968603794471623, 48.83561984016854], ""type"": ""Point""}";48.83561984016854, 2.2968603794471623
ELEMENTAIRES (année scolaire 2022/2023);MILTON (21) ELEM;21 RUE MILTON;9ème Ardt;75109;2022-2023;Elémentaire;;;;;"{""coordinates"": [2.3411735342141595, 48.87868749469112], ""type"": ""Point""}";48.87868749469112, 2.3411735342141595
ELEMENTAIRES (année scolaire 2022/2023);PIERRE FONCIN (8) ELEM A;8 RUE PIERRE FONCIN;20ème Ardt;75120;2022-2023;Elémentaire;;;;;"{""coordinates"": [2.409709173567288, 48.87135911993382], ""type"": ""Point""}";48.87135911993382, 2.409709173567288
ELEMENTAIRES (année scolaire 2022/2023);FELIX FAURE (146) ELEM;146 AVENUE FELIX FAURE;15ème Ardt;75115;2022-2023;Elémentaire;;;;;"{""coordinates"": [2.279313380280919, 48.83735652788694], ""type"": ""Point""}";48.83735652788694, 2.279313380280919
ELEMENTAIRES (année scolaire 2022/2023);JEAN FRANCOIS LEPINE (6) ELEM;6 RUE JEAN FRANCOIS LEPINE;18ème Ardt;75118;2022-2023;Elémentaire;;;;;"{""coordinates"": [2.3587182496320507, 48.886181734472096], ""type"": ""Point""}";48.886181734472096, 2.3587182496320507
ELEMENTAIRES (année scolaire 2022/2023);TOURELLES (5/7) POLY;5 RUE DES TOURELLES;20ème Ardt;75120;2022-2023;Polyvalent;;;;;"{""coordinates"": [2.404086116145681, 48.87473729137813], ""type"": ""Point""}";48.87473729137813, 2.404086116145681
ELEMENTAIRES (année scolaire 2022/2023);BOURSAULT (10) POLY;10 RUE BOURSAULT;17ème Ardt;75117;2022-2023;Polyvalent;;;;;"{""coordinates"": [2.3207974578832173, 48.882953381230074], ""type"": ""Point""}";48.882953381230074, 2.3207974578832173
ELEMENTAIRES (année scolaire 2022/2023);VICTOIRE (16) ELEM;16 RUE DE LA VICTOIRE;9ème Ardt;75109;2022-2023;Elémentaire;;;;;"{""coordinates"": [2.339189892132677, 48.87514754428802], ""type"": ""Point""}";48.87514754428802, 2.339189892132677
ELEMENTAIRES (année scolaire 2022/2023);RIBLETTE (16) ELEM A;16 RUE RIBLETTE;20ème Ardt;75120;2022-2023;Elémentaire;;;;;"{""coordinates"": [2.4065700810665573, 48.86006880940258], ""type"": ""Point""}";48.86006880940258, 2.4065700810665573
ELEMENTAIRES (année scolaire 2022/2023);BARBANEGRE (7) ELEM A;7 RUE BARBANEGRE;19ème Ardt;75119;2022-2023;Elémentaire;;;;;"{""coordinates"": [2.382861773109085, 48.89213866778307], ""type"": ""Point""}";48.89213866778307, 2.382861773109085
ELEMENTAIRES (année scolaire 2022/2023);ST SEBASTIEN (24) ELEM;24 RUE SAINT SEBASTIEN;11ème Ardt;75111;2022-2023;Elémentaire;;;;;"{""coordinates"": [2.369445127094934, 48.861117342857185], ""type"": ""Point""}";48.861117342857185, 2.369445127094934
ELEMENTAIRES (année scolaire 2022/2023);LITTRE (6) ELEM;6 RUE LITTRE;6ème Ardt;75106;2022-2023;Elémentaire;;;;;"{""coordinates"": [2.323773103790429, 48.84564322059343], ""type"": ""Point""}";48.84564322059343, 2.323773103790429
ELEMENTAIRES (année scolaire 2022/2023);CHAPTAL (12) ELEM;12 RUE CHAPTAL;9ème Ardt;75109;2022-2023;Elémentaire;;;;;"{""coordinates"": [2.3336321508838727, 48.88082464785626], ""type"": ""Point""}";48.88082464785626, 2.3336321508838727
ELEMENTAIRES (année scolaire 2022/2023);TANGER (41) ELEM A;41 RUE DE TANGER;19ème Ardt;75119;2022-2023;Elémentaire;;;;;"{""coordinates"": [2.3702364147193737, 48.887768133734], ""type"": ""Point""}";48.887768133734, 2.3702364147193737
ELEMENTAIRES (année scolaire 2022/2023);BERTHIER (112) ELEM;112 BOULEVARD BERTHIER;17ème Ardt;75117;2022-2023;Elémentaire;;;;;"{""coordinates"": [2.301658092229931, 48.88919934607106], ""type"": ""Point""}";48.88919934607106, 2.301658092229931
ELEMENTAIRES (année scolaire 2022/2023);DIDEROT (40) ELEM;40 BOULEVARD DIDEROT;12ème Ardt;75112;2022-2023;Elémentaire;;;;;"{""coordinates"": [2.377315062294461, 48.84611204518538], ""type"": ""Point""}";48.84611204518538, 2.377315062294461
ELEMENTAIRES (année scolaire 2022/2023);BOULARD (46) ELEM;46 RUE BOULARD;14ème Ardt;75114;2022-2023;Elémentaire;;;;;"{""coordinates"": [2.327836191601366, 48.832662575018674], ""type"": ""Point""}";48.832662575018674, 2.327836191601366
ELEMENTAIRES (année scolaire 2022/2023);ALESIA (188) ELEM;188 RUE D'ALESIA;14ème Ardt;75114;2022-2023;Elémentaire;;;;;"{""coordinates"": [2.3128098933727257, 48.83250682565385], ""type"": ""Point""}";48.83250682565385, 2.3128098933727257
ELEMENTAIRES (année scolaire 2022/2023);SEVERO (12) ELEM;12 RUE SEVERO;14ème Ardt;75114;2022-2023;Elémentaire;;;;;"{""coordinates"": [2.3235273608754685, 48.83245025289119], ""type"": ""Point""}";48.83245025289119, 2.3235273608754685
ELEMENTAIRES (année scolaire 2022/2023);LECOMTE (6) POLY;6 RUE LECOMTE;17ème Ardt;75117;2022-2023;Polyvalent;;;;;"{""coordinates"": [2.321071444973094, 48.88867104666562], ""type"": ""Point""}";48.88867104666562, 2.321071444973094
ELEMENTAIRES (année scolaire 2022/2023);JOSSEAUME (3-7) ELEM;3 PASSAGE JOSSEAUME;20ème Ardt;75120;2022-2023;Elémentaire;;;;;"{""coordinates"": [2.4027654872962483, 48.85475759113608], ""type"": ""Point""}";48.85475759113608, 2.4027654872962483
ELEMENTAIRES (année scolaire 2022/2023);REUILLY (57) ELEM B;57 RUE DE REUILLY (ECOLE B);12ème Ardt;75112;2022-2023;Elémentaire;;;;;"{""coordinates"": [2.3885836839710275, 48.845764391837214], ""type"": ""Point""}";48.845764391837214, 2.3885836839710275
ELEMENTAIRES (année scolaire 2022/2023);CAMBON (28) ELEM;28 RUE CAMBON;1er Ardt;75101;2022-2023;Elémentaire;;;;;"{""coordinates"": [2.3268561889341104, 48.86811242522675], ""type"": ""Point""}";48.86811242522675, 2.3268561889341104
ELEMENTAIRES (année scolaire 2022/2023);CHABROL (41) ELEM;41 RUE DE CHABROL;10ème Ardt;75110;2022-2023;Elémentaire;;;;;"{""coordinates"": [2.353018658033968, 48.87681430565876], ""type"": ""Point""}";48.87681430565876, 2.353018658033968
ELEMENTAIRES (année scolaire 2022/2023);LEPIC (62) ELEM;62 RUE LEPIC;18ème Ardt;75118;2022-2023;Elémentaire;;;;;"{""coordinates"": [2.333969772249816, 48.886944762308715], ""type"": ""Point""}";48.886944762308715, 2.333969772249816
ELEMENTAIRES (année scolaire 2022/2023);TOURTILLE (38) ELEM;38 RUE DE TOURTILLE;20ème Ardt;75120;2022-2023;Elémentaire;;;;;"{""coordinates"": [2.380426212045084, 48.87230792478985], ""type"": ""Point""}";48.87230792478985, 2.380426212045084
ELEMENTAIRES (année scolaire 2022/2023);DECAMPS (4) POLY;4 RUE DECAMPS;16ème Ardt;75116;2022-2023;Polyvalent;;;;;"{""coordinates"": [2.2825335586619566, 48.865251799611215], ""type"": ""Point""}";48.865251799611215, 2.2825335586619566
ELEMENTAIRES (année scolaire 2022/2023);ARGENTEUIL (11) ELEM;11 RUE D'ARGENTEUIL;1er Ardt;75101;2022-2023;Elémentaire;;;;;"{""coordinates"": [2.333823253346665, 48.864885757850296], ""type"": ""Point""}";48.864885757850296, 2.333823253346665
ELEMENTAIRES (année scolaire 2022/2023);FAGON (13) ELEM;13 RUE FAGON;13ème Ardt;75113;2022-2023;Elémentaire;;;;;"{""coordinates"": [2.3569508083552697, 48.83254786248175], ""type"": ""Point""}";48.83254786248175, 2.3569508083552697
ELEMENTAIRES (année scolaire 2022/2023);BOULANGERS (19) ELEM;19 RUE DES BOULANGERS;5ème Ardt;75105;2022-2023;Elémentaire;;;;;"{""coordinates"": [2.3529941442705398, 48.84585881555829], ""type"": ""Point""}";48.84585881555829, 2.3529941442705398
ELEMENTAIRES (année scolaire 2022/2023);JEANNE D ARC (30) ELEM B;30 PLACE JEANNE D'ARC;13ème Ardt;75113;2022-2023;Elémentaire;;;;;"{""coordinates"": [2.3688892064970237, 48.83008507701475], ""type"": ""Point""}";48.83008507701475, 2.3688892064970237
ELEMENTAIRES (année scolaire 2022/2023);PYRENEES (97) ELEM;97 RUE DES PYRENEES;20ème Ardt;75120;2022-2023;Elémentaire;;;;;"{""coordinates"": [2.405256423917241, 48.85502457451934], ""type"": ""Point""}";48.85502457451934, 2.405256423917241
ELEMENTAIRES (année scolaire 2022/2023);CHOMEL (8) POLY;8 RUE CHOMEL;7ème Ardt;75107;2022-2023;Polyvalent;;;;;"{""coordinates"": [2.3255494745445104, 48.85217391881051], ""type"": ""Point""}";48.85217391881051, 2.3255494745445104
ELEMENTAIRES (année scolaire 2022/2023);BAUDRICOURT (55) ELEM B;55 RUE BAUDRICOURT;13ème Ardt;75113;2022-2023;Elémentaire;;;;;"{""coordinates"": [2.3631352050621324, 48.82577112828068], ""type"": ""Point""}";48.82577112828068, 2.3631352050621324
ELEMENTAIRES (année scolaire 2022/2023);GRANDS MOULINS (47) POLY;47 RUE DES GRANDS MOULINS;13ème Ardt;75113;2022-2023;Polyvalent;;;;;"{""coordinates"": [2.377695614470156, 48.82792649539958], ""type"": ""Point""}";48.82792649539958, 2.377695614470156
ELEMENTAIRES (année scolaire 2022/2023);HERMEL (20) ELEM;20 RUE HERMEL;18ème Ardt;75118;2022-2023;Elémentaire;;;;;"{""coordinates"": [2.3445130809929275, 48.89130095300317], ""type"": ""Point""}";48.89130095300317, 2.3445130809929275
ELEMENTAIRES (année scolaire 2022/2023);CAPITAINE LAGACHE (19) ELEM;19 RUE DU CAPITAINE LAGACHE;17ème Ardt;75117;2022-2023;Elémentaire;;;;;"{""coordinates"": [2.325594516536988, 48.892040018011365], ""type"": ""Point""}";48.892040018011365, 2.325594516536988
ELEMENTAIRES (année scolaire 2022/2023);BRETONNEAU (9) ELEM;9 RUE BRETONNEAU;20ème Ardt;75120;2022-2023;Elémentaire;;;;;"{""coordinates"": [2.4031960101954963, 48.86772369046553], ""type"": ""Point""}";48.86772369046553, 2.4031960101954963
ELEMENTAIRES (année scolaire 2022/2023);OLIVIER METRA (24) ELEM A;24 RUE OLIVIER METRA;20ème Ardt;75120;2022-2023;Elémentaire;;;;;"{""coordinates"": [2.394262605141225, 48.87300073074146], ""type"": ""Point""}";48.87300073074146, 2.394262605141225
ELEMENTAIRES (année scolaire 2022/2023);PIAT (36) POLY;36 RUE PIAT;20ème Ardt;75120;2022-2023;Polyvalent;;;;;"{""coordinates"": [2.3848223857345108, 48.87222675535386], ""type"": ""Point""}";48.87222675535386, 2.3848223857345108
ELEMENTAIRES (année scolaire 2022/2023);SIMON BOLIVAR (67) ELEM;67 AVENUE SIMON BOLIVAR;19ème Ardt;75119;2022-2023;Elémentaire;;;;;"{""coordinates"": [2.3772752541889886, 48.876359484795394], ""type"": ""Point""}";48.876359484795394, 2.3772752541889886
ELEMENTAIRES (année scolaire 2022/2023);MICHEL BIZOT (83) ELEM;83 AVENUE DU GAL MICHEL BIZOT;12ème Ardt;75112;2022-2023;Elémentaire;;;;;"{""coordinates"": [2.4035314271191126, 48.837253839976825], ""type"": ""Point""}";48.837253839976825, 2.4035314271191126
ELEMENTAIRES (année scolaire 2022/2023);VICQ D'AZIR (16) POLY;16 RUE VICQ D'AZIR;10ème Ardt;75110;2022-2023;Polyvalent;;;;;"{""coordinates"": [2.3705586931454286, 48.876069592939636], ""type"": ""Point""}";48.876069592939636, 2.3705586931454286
ELEMENTAIRES (année scolaire 2022/2023);PIERRE GIRARD (9) ELEM;9 RUE PIERRE GIRARD;19ème Ardt;75119;2022-2023;Elémentaire;;;;;"{""coordinates"": [2.3796037681272924, 48.88590938841017], ""type"": ""Point""}";48.88590938841017, 2.3796037681272924
ELEMENTAIRES (année scolaire 2022/2023);GENERAL CAMOU (1) ELEM;1 RUE GENERAL CAMOU;7ème Ardt;75107;2022-2023;Elémentaire;;;;;"{""coordinates"": [2.2998593922718706, 48.85889064623058], ""type"": ""Point""}";48.85889064623058, 2.2998593922718706
ELEMENTAIRES (année scolaire 2022/2023);PYRENEES (40) ELEM;40 RUE DES PYRENEES;20ème Ardt;75120;2022-2023;Elémentaire;;;;;"{""coordinates"": [2.406501323731271, 48.85090897148368], ""type"": ""Point""}";48.85090897148368, 2.406501323731271
ELEMENTAIRES (année scolaire 2022/2023);WATTIGNIES (52) ELEM;52 RUE DE WATTIGNIES;12ème Ardt;75112;2022-2023;Elémentaire;;;;;"{""coordinates"": [2.397131782225847, 48.83551942987147], ""type"": ""Point""}";48.83551942987147, 2.397131782225847
ELEMENTAIRES (année scolaire 2022/2023);ROMAINVILLE (59) ELEM B;59 RUE DE ROMAINVILLE;19ème Ardt;75119;2022-2023;Elémentaire;;;;;"{""coordinates"": [2.4032320643144987, 48.87737810883743], ""type"": ""Point""}";48.87737810883743, 2.4032320643144987
ELEMENTAIRES (année scolaire 2022/2023);IVRY (47) ELEM A;47 AVENUE D'IVRY (ECOLE B);13ème Ardt;75113;2022-2023;Elémentaire;;;;;"{""coordinates"": [2.365782181735675, 48.82306036550549], ""type"": ""Point""}";48.82306036550549, 2.365782181735675
ELEMENTAIRES (année scolaire 2022/2023);TORCY (5-7) ELEM;5 RUE DE TORCY;18ème Ardt;75118;2022-2023;Elémentaire;;;;;"{""coordinates"": [2.3648160774486953, 48.89109046908713], ""type"": ""Point""}";48.89109046908713, 2.3648160774486953
ELEMENTAIRES (année scolaire 2022/2023);DOUDEAUVILLE (7) ELEM;7 RUE DOUDEAUVILLE;18ème Ardt;75118;2022-2023;Elémentaire;;;;;"{""coordinates"": [2.3587359522961213, 48.888872046029746], ""type"": ""Point""}";48.888872046029746, 2.3587359522961213
ELEMENTAIRES (année scolaire 2022/2023);MACDONALD (141) POLY;141 BOULEVARD MACDONALD;19ème Ardt;75119;2022-2023;Polyvalent;;;;;"{""coordinates"": [2.3797415138896936, 48.89862625694644], ""type"": ""Point""}";48.89862625694644, 2.3797415138896936
ELEMENTAIRES (année scolaire 2022/2023);ASSELINE (7) ELEM;7 RUE ASSELINE;14ème Ardt;75114;2022-2023;Elémentaire;;;;;"{""coordinates"": [2.322696528996835, 48.83509126253949], ""type"": ""Point""}";48.83509126253949, 2.322696528996835
ELEMENTAIRES (année scolaire 2022/2023);GROS (18) POLY;18 RUE GROS;16ème Ardt;75116;2022-2023;Polyvalent;;;;;"{""coordinates"": [2.2761485510551496, 48.85138249712522], ""type"": ""Point""}";48.85138249712522, 2.2761485510551496
ELEMENTAIRES (année scolaire 2022/2023);PORTE D'IVRY (51) ELEM;51 AVENUE DE LA PORTE D'IVRY;13ème Ardt;75113;2022-2023;Elémentaire;;;;;"{""coordinates"": [2.3696084528341466, 48.82112753395738], ""type"": ""Point""}";48.82112753395738, 2.3696084528341466
ELEMENTAIRES (année scolaire 2022/2023);AQUEDUC (39) ELEM;39 RUE DE L'AQUEDUC;10ème Ardt;75110;2022-2023;Elémentaire;;;;;"{""coordinates"": [2.363923017199924, 48.88247900358761], ""type"": ""Point""}";48.88247900358761, 2.363923017199924
ELEMENTAIRES (année scolaire 2022/2023);FRANCOISE DORLEAC ELEM B;8 PLACE FRANCOISE DORLEAC;18ème Ardt;75118;2022-2023;Elémentaire;;;;;"{""coordinates"": [2.337452792317367, 48.8993899007631], ""type"": ""Point""}";48.8993899007631, 2.337452792317367
ELEMENTAIRES (année scolaire 2022/2023);TANGER (41) ELEM B;41 RUE DE TANGER;19ème Ardt;75119;2022-2023;Elémentaire;;;;;"{""coordinates"": [2.3702364147193737, 48.887768133734], ""type"": ""Point""}";48.887768133734, 2.3702364147193737
ELEMENTAIRES (année scolaire 2022/2023);DUPLEIX (21) ELEM;21 RUE DUPLEIX;15ème Ardt;75115;2022-2023;Elémentaire;;;;;"{""coordinates"": [2.2971938831414604, 48.851482443324564], ""type"": ""Point""}";48.851482443324564, 2.2971938831414604
ELEMENTAIRES (année scolaire 2022/2023);GERTY ARCHIMEDE (5) ELEM;5 RUE GERTY ARCHIMEDE;12ème Ardt;75112;2022-2023;Elémentaire;;;;;"{""coordinates"": [2.3870772710662354, 48.835589428004425], ""type"": ""Point""}";48.835589428004425, 2.3870772710662354
ELEMENTAIRES (année scolaire 2022/2023);PARMENTIER (159) ELEM;159 AVENUE PARMENTIER;10ème Ardt;75110;2022-2023;Elémentaire;;;;;"{""coordinates"": [2.3696028414804537, 48.87169627827069], ""type"": ""Point""}";48.87169627827069, 2.3696028414804537
ELEMENTAIRES (année scolaire 2022/2023);VULPIAN (13) ELEM;13 RUE VULPIAN;13ème Ardt;75113;2022-2023;Elémentaire;;;;;"{""coordinates"": [2.346494705695409, 48.831548188287286], ""type"": ""Point""}";48.831548188287286, 2.346494705695409
ELEMENTAIRES (année scolaire 2022/2023);FRERES VOISIN (3) POLY;3 BOULEVARD DES FRERES VOISIN;15ème Ardt;75115;2022-2023;Polyvalent;;;;;"{""coordinates"": [2.268341258697311, 48.827963593963766], ""type"": ""Point""}";48.827963593963766, 2.268341258697311
ELEMENTAIRES (année scolaire 2022/2023);BERCY (165) ELEM;165 RUE DE BERCY;12ème Ardt;75112;2022-2023;Elémentaire;;;;;"{""coordinates"": [2.3753979306747715, 48.84252115757894], ""type"": ""Point""}";48.84252115757894, 2.3753979306747715
ELEMENTAIRES (année scolaire 2022/2023);CARDINAL LEMOINE (24) ELEM;24 RUE DU CARDINAL LEMOINE;5ème Ardt;75105;2022-2023;Elémentaire;;;;;"{""coordinates"": [2.3532818415788683, 48.84827305751572], ""type"": ""Point""}";48.84827305751572, 2.3532818415788683
ELEMENTAIRES (année scolaire 2022/2023);ROBERT ESTIENNE (8) POLY;8 RUE ROBERT ESTIENNE;8ème Ardt;75108;2022-2023;Polyvalent;;;;;"{""coordinates"": [2.3051147792050424, 48.86861806590406], ""type"": ""Point""}";48.86861806590406, 2.3051147792050424
ELEMENTAIRES (année scolaire 2022/2023);L.M.NORDMANN (140) ELEM;140 RUE LEON MAURICE NORDMANN;13ème Ardt;75113;2022-2023;Elémentaire;;;;;"{""coordinates"": [2.3431821295641404, 48.83377350532776], ""type"": ""Point""}";48.83377350532776, 2.3431821295641404
ELEMENTAIRES (année scolaire 2022/2023);BOISSIERE (56) POLY;56 RUE BOISSIERE;16ème Ardt;75116;2022-2023;Polyvalent;;;;;"{""coordinates"": [2.288044144313185, 48.86804861016124], ""type"": ""Point""}";48.86804861016124, 2.288044144313185
ELEMENTAIRES (année scolaire 2022/2023);TANDOU (16) POLY;16 RUE TANDOU;19ème Ardt;75119;2022-2023;Polyvalent;;;;;"{""coordinates"": [2.3799596807432652, 48.886153622529065], ""type"": ""Point""}";48.886153622529065, 2.3799596807432652
ELEMENTAIRES (année scolaire 2022/2023);DUSSOUBS (42) POLY;42 RUE DUSSOUBS;2ème Ardt;75102;2022-2023;Polyvalent;;;;;"{""coordinates"": [2.349694357988328, 48.86716386438895], ""type"": ""Point""}";48.86716386438895, 2.349694357988328
ELEMENTAIRES (année scolaire 2022/2023);CHOISY (103) ELEM;103 AVENUE DE CHOISY;13ème Ardt;75113;2022-2023;Elémentaire;;;;;"{""coordinates"": [2.360656188518404, 48.82500093127865], ""type"": ""Point""}";48.82500093127865, 2.360656188518404
ELEMENTAIRES (année scolaire 2022/2023);JOSEPH DE MAISTRE (29) ELEM;29 RUE JOSEPH DE MAISTRE;18ème Ardt;75118;2022-2023;Elémentaire;;;;;"{""coordinates"": [2.3307267239389824, 48.89154833265846], ""type"": ""Point""}";48.89154833265846, 2.3307267239389824
ELEMENTAIRES (année scolaire 2022/2023);VIGEE LEBRUN (11) ELEM B;11 RUE VIGEE LEBRUN;15ème Ardt;75115;2022-2023;Elémentaire;;;;;"{""coordinates"": [2.31057696198502, 48.839038409461246], ""type"": ""Point""}";48.839038409461246, 2.31057696198502
ELEMENTAIRES (année scolaire 2022/2023);MARSEILLE (17) ELEM;17 RUE DE MARSEILLE;10ème Ardt;75110;2022-2023;Elémentaire;;;;;"{""coordinates"": [2.363824662201402, 48.87175161155988], ""type"": ""Point""}";48.87175161155988, 2.363824662201402
ELEMENTAIRES (année scolaire 2022/2023);ETIENNE MARCEL (20) ELEM;20 RUE ETIENNE MARCEL;2ème Ardt;75102;2022-2023;Elémentaire;;;;;"{""coordinates"": [2.348314568902024, 48.86414057425542], ""type"": ""Point""}";48.86414057425542, 2.348314568902024
ELEMENTAIRES (année scolaire 2022/2023);LAMORICIERE (10) ELEM A;10 AVENUE LAMORICIERE;12ème Ardt;75112;2022-2023;Elémentaire;;;;;"{""coordinates"": [2.4123379233341313, 48.8448676922089], ""type"": ""Point""}";48.8448676922089, 2.4123379233341313
ELEMENTAIRES (année scolaire 2022/2023);JEAN ZAY (18) ELEM;18 RUE JEAN ZAY;14ème Ardt;75114;2022-2023;Elémentaire;;;;;"{""coordinates"": [2.3206367230825946, 48.83762121194944], ""type"": ""Point""}";48.83762121194944, 2.3206367230825946
ELEMENTAIRES (année scolaire 2022/2023);VAUCANSON (6) POLY;6 RUE VAUCANSON;3ème Ardt;75103;2022-2023;Polyvalent;;;;;"{""coordinates"": [2.3567881058857116, 48.86711766168113], ""type"": ""Point""}";48.86711766168113, 2.3567881058857116
ELEMENTAIRES (année scolaire 2022/2023);PAUL BAUDRY (10) POLY;10 RUE PAUL BAUDRY;8ème Ardt;75108;2022-2023;Polyvalent;;;;;"{""coordinates"": [2.30740416964641, 48.87234525840762], ""type"": ""Point""}";48.87234525840762, 2.30740416964641
ELEMENTAIRES (année scolaire 2022/2023);EMILE BOLLAERT (53) POLY;53 RUE EMILE BOLLAERT;19ème Ardt;75119;2022-2023;Polyvalent;;;;;"{""coordinates"": [2.3746351915586983, 48.89969071537215], ""type"": ""Point""}";48.89969071537215, 2.3746351915586983
ELEMENTAIRES (année scolaire 2022/2023);FRANC NOHAIN (9) POLY;9 RUE FRANC NOHAIN;13ème Ardt;75113;2022-2023;Polyvalent;;;;;"{""coordinates"": [2.3751822013075987, 48.821401135417254], ""type"": ""Point""}";48.821401135417254, 2.3751822013075987
ELEMENTAIRES (année scolaire 2022/2023);SIMPLON (14) POLY;14 RUE SIMPLON;18ème Ardt;75118;2022-2023;Polyvalent;;;;;"{""coordinates"": [2.3514565316595917, 48.89357315361589], ""type"": ""Point""}";48.89357315361589, 2.3514565316595917
ELEMENTAIRES (année scolaire 2022/2023);PELLEPORT (166) POLY;166 RUE PELLEPORT;20ème Ardt;75120;2022-2023;Polyvalent;;;;;"{""coordinates"": [2.3979874549024034, 48.87336492633465], ""type"": ""Point""}";48.87336492633465, 2.3979874549024034
ELEMENTAIRES (année scolaire 2022/2023);MACDONALD (118) POLY;118 BOULEVARD MACDONALD;19ème Ardt;75119;2022-2023;Polyvalent;;;;;"{""coordinates"": [2.3813455643169386, 48.899088333111806], ""type"": ""Point""}";48.899088333111806, 2.3813455643169386
ELEMENTAIRES (année scolaire 2022/2023);MAURICE ROUVIER (8) ELEM;8 RUE MAURICE ROUVIER;14ème Ardt;75114;2022-2023;Elémentaire;;;;;"{""coordinates"": [2.3098026721213376, 48.83114136955225], ""type"": ""Point""}";48.83114136955225, 2.3098026721213376
ELEMENTAIRES (année scolaire 2022/2023);ANTOINE CHANTIN (20) ELEM;20 RUE ANTOINE CHANTIN;14ème Ardt;75114;2022-2023;Elémentaire;;;;;"{""coordinates"": [2.3226565449649197, 48.82725292984934], ""type"": ""Point""}";48.82725292984934, 2.3226565449649197
ELEMENTAIRES (année scolaire 2022/2023);RAMPAL (11) ELEM;11 RUE RAMPAL;19ème Ardt;75119;2022-2023;Elémentaire;;;;;"{""coordinates"": [2.379668279625725, 48.87371568774451], ""type"": ""Point""}";48.87371568774451, 2.379668279625725
ELEMENTAIRES (année scolaire 2022/2023);JENNER (46) ELEM B;46 RUE JENNER;13ème Ardt;75113;2022-2023;Elémentaire;;;;;"{""coordinates"": [2.36087574556163, 48.83603938481635], ""type"": ""Point""}";48.83603938481635, 2.36087574556163
ELEMENTAIRES (année scolaire 2022/2023);BALANCHINE (8-10) POLY;8 RUE GEORGE BALANCHINE;13ème Ardt;75113;2022-2023;Polyvalent;;;;;"{""coordinates"": [2.3736445553251295, 48.836467195826174], ""type"": ""Point""}";48.836467195826174, 2.3736445553251295
ELEMENTAIRES (année scolaire 2022/2023);DELAMBRE (24) ELEM;24 RUE DELAMBRE;14ème Ardt;75114;2022-2023;Elémentaire;;;;;"{""coordinates"": [2.326808868876013, 48.84159829348391], ""type"": ""Point""}";48.84159829348391, 2.326808868876013
ELEMENTAIRES (année scolaire 2022/2023);PIERRE LAROUSSE (28) ELEM;28 RUE PIERRE LAROUSSE;14ème Ardt;75114;2022-2023;Elémentaire;;;;;"{""coordinates"": [2.314210381405044, 48.82909769717928], ""type"": ""Point""}";48.82909769717928, 2.314210381405044
ELEMENTAIRES (année scolaire 2022/2023);GILBERT CESBRON (1) POLY;1 RUE GILBERT CESBRON;17ème Ardt;75117;2022-2023;Polyvalent;;;;;"{""coordinates"": [2.3141714544791356, 48.89340359717558], ""type"": ""Point""}";48.89340359717558, 2.3141714544791356
ELEMENTAIRES (année scolaire 2022/2023);BERNARD BUFFET (14) POLY;14 RUE BERNARD BUFFET;17ème Ardt;75117;2022-2023;Polyvalent;;;;;"{""coordinates"": [2.3160474717627473, 48.891687680548905], ""type"": ""Point""}";48.891687680548905, 2.3160474717627473
ELEMENTAIRES (année scolaire 2022/2023);CLAUDE VELLEFAUX (33) ELEM;33 AVENUE CLAUDE VELLEFAUX;10ème Ardt;75110;2022-2023;Elémentaire;;;;;"{""coordinates"": [2.370133568074786, 48.87686235763899], ""type"": ""Point""}";48.87686235763899, 2.370133568074786
ELEMENTAIRES (année scolaire 2022/2023);EVANGILE (33) ELEM;33 RUE DE L'EVANGILE;18ème Ardt;75118;2022-2023;Elémentaire;;;;;"{""coordinates"": [2.3651224005960807, 48.89406873070228], ""type"": ""Point""}";48.89406873070228, 2.3651224005960807
ELEMENTAIRES (année scolaire 2022/2023);LESSEPS (11) ELEM A;11 RUE DE LESSEPS;20ème Ardt;75120;2022-2023;Elémentaire;;;;;"{""coordinates"": [2.399715638303088, 48.85905211145858], ""type"": ""Point""}";48.85905211145858, 2.399715638303088
ELEMENTAIRES (année scolaire 2022/2023);DUQUESNE (42) ELEM;42 AVENUE DUQUESNE;7ème Ardt;75107;2022-2023;Elémentaire;;;;;"{""coordinates"": [2.313024269188942, 48.84959294215656], ""type"": ""Point""}";48.84959294215656, 2.313024269188942
ELEMENTAIRES (année scolaire 2022/2023);IVRY (47) ELEM B;47 AVENUE D'IVRY (ECOLE B);13ème Ardt;75113;2022-2023;Elémentaire;;;;;"{""coordinates"": [2.365782181735675, 48.82306036550549], ""type"": ""Point""}";48.82306036550549, 2.365782181735675
ELEMENTAIRES (année scolaire 2022/2023);PAUL VALERY (18) POLY;18 RUE PAUL VALERY;16ème Ardt;75116;2022-2023;Polyvalent;;;;;"{""coordinates"": [2.2900006682192444, 48.87034290370526], ""type"": ""Point""}";48.87034290370526, 2.2900006682192444
ELEMENTAIRES (année scolaire 2022/2023);ARBRE SEC (15) ELEM;15 RUE DE L'ARBRE SEC;1er Ardt;75101;2022-2023;Elémentaire;;;;;"{""coordinates"": [2.341922027050532, 48.85965121371535], ""type"": ""Point""}";48.85965121371535, 2.341922027050532
ELEMENTAIRES (année scolaire 2022/2023);DAMREMONT (65) ELEM B;65 RUE DAMREMONT;18ème Ardt;75118;2022-2023;Elémentaire;;;;;"{""coordinates"": [2.335058903965475, 48.89195637084083], ""type"": ""Point""}";48.89195637084083, 2.335058903965475
ELEMENTAIRES (année scolaire 2022/2023);CHERBOURG (15) ELEM;15 RUE DE CHERBOURG;15ème Ardt;75115;2022-2023;Elémentaire;;;;;"{""coordinates"": [2.3040995473322767, 48.83106253163441], ""type"": ""Point""}";48.83106253163441, 2.3040995473322767
ELEMENTAIRES (année scolaire 2022/2023);LOUIS BLANC (49B) ELEM;49 bis RUE LOUIS BLANC;10ème Ardt;75110;2022-2023;Elémentaire;;;;;"{""coordinates"": [2.362516253533549, 48.88240948656542], ""type"": ""Point""}";48.88240948656542, 2.362516253533549
ELEMENTAIRES (année scolaire 2022/2023);BAUCHES (10) ELEM;10 RUE DES BAUCHES;16ème Ardt;75116;2022-2023;Elémentaire;;;;;"{""coordinates"": [2.2740406982019294, 48.85595162146971], ""type"": ""Point""}";48.85595162146971, 2.2740406982019294
ELEMENTAIRES (année scolaire 2022/2023);GODEFROY CAVAIGNAC (35) ELEM;35 RUE GODEFROY CAVAIGNAC;11ème Ardt;75111;2022-2023;Elémentaire;;;;;"{""coordinates"": [2.3804942839878795, 48.85608077094007], ""type"": ""Point""}";48.85608077094007, 2.3804942839878795
ELEMENTAIRES (année scolaire 2022/2023);TRUFFAUT (15) POLY;15 RUE TRUFFAUT;17ème Ardt;75117;2022-2023;Polyvalent;;;;;"{""coordinates"": [2.322540242614652, 48.88493024951725], ""type"": ""Point""}";48.88493024951725, 2.322540242614652
ELEMENTAIRES (année scolaire 2022/2023);BARBANEGRE (7) ELEM B;7 RUE BARBANEGRE;19ème Ardt;75119;2022-2023;Elémentaire;;;;;"{""coordinates"": [2.382861773109085, 48.89213866778307], ""type"": ""Point""}";48.89213866778307, 2.382861773109085
ELEMENTAIRES (année scolaire 2022/2023);VILLETTE (61) ELEM;61 RUE DE LA VILLETTE;19ème Ardt;75119;2022-2023;Elémentaire;;;;;"{""coordinates"": [2.388081995529941, 48.87841779580429], ""type"": ""Point""}";48.87841779580429, 2.388081995529941
ELEMENTAIRES (année scolaire 2022/2023);FONDARY (12) ELEM;12 RUE FONDARY;15ème Ardt;75115;2022-2023;Elémentaire;;;;;"{""coordinates"": [2.2922481732760325, 48.848405604867764], ""type"": ""Point""}";48.848405604867764, 2.2922481732760325
ELEMENTAIRES (année scolaire 2022/2023);PROVIDENCE (5) ELEM A;5 RUE DE LA PROVIDENCE;13ème Ardt;75113;2022-2023;Elémentaire;;;;;"{""coordinates"": [2.3488832432127746, 48.82534794391871], ""type"": ""Point""}";48.82534794391871, 2.3488832432127746
ELEMENTAIRES (année scolaire 2022/2023);HOUDON (15) ELEM;15 RUE HOUDON;18ème Ardt;75118;2022-2023;Elémentaire;;;;;"{""coordinates"": [2.338452334183276, 48.883228400416456], ""type"": ""Point""}";48.883228400416456, 2.338452334183276
ELEMENTAIRES (année scolaire 2022/2023);DAMREMONT (67) ELEM A;67 RUE DAMREMONT;18ème Ardt;75118;2022-2023;Elémentaire;;;;;"{""coordinates"": [2.3353586926764733, 48.89237869925132], ""type"": ""Point""}";48.89237869925132, 2.3353586926764733
ELEMENTAIRES (année scolaire 2022/2023);DAVOUT (51) POLY;51 BD DAVOUT;20ème Ardt;75120;2022-2023;Polyvalent;;;;;"{""coordinates"": [2.410732854164186, 48.85132892108274], ""type"": ""Point""}";48.85132892108274, 2.410732854164186
ELEMENTAIRES (année scolaire 2022/2023);BAUCHES (15) ELEM;15 RUE DES BAUCHES;16ème Ardt;75116;2022-2023;Elémentaire;;;;;"{""coordinates"": [2.273564906582162, 48.85598013689167], ""type"": ""Point""}";48.85598013689167, 2.273564906582162
ELEMENTAIRES (année scolaire 2022/2023);QUATRE FILS (10 B) ELEM;10 bis RUE DES QUATRE FILS;3ème Ardt;75103;2022-2023;Elémentaire;;;;;"{""coordinates"": [2.3601561880625743, 48.860411900549714], ""type"": ""Point""}";48.860411900549714, 2.3601561880625743
ELEMENTAIRES (année scolaire 2022/2023);CAVE (11) ELEM;11 RUE CAVE;18ème Ardt;75118;2022-2023;Elémentaire;;;;;"{""coordinates"": [2.355167024686983, 48.886707348741396], ""type"": ""Point""}";48.886707348741396, 2.355167024686983
ELEMENTAIRES (année scolaire 2022/2023);LAFAYETTE (216 B) ELEM;216 bis RUE LAFAYETTE;10ème Ardt;75110;2022-2023;Elémentaire;;;;;"{""coordinates"": [2.3672825842629583, 48.88190322214652], ""type"": ""Point""}";48.88190322214652, 2.3672825842629583
ELEMENTAIRES (année scolaire 2022/2023);FAUBOURG ST DENIS (34) ELEM;34 RUE DU FAUBOURG SAINT DENIS;10ème Ardt;75110;2022-2023;Elémentaire;;;;;"{""coordinates"": [2.353506735372658, 48.87111111278698], ""type"": ""Point""}";48.87111111278698, 2.353506735372658
ELEMENTAIRES (année scolaire 2022/2023);ST JACQUES (28) ELEM;28 RUE SAINT JACQUES;5ème Ardt;75105;2022-2023;Elémentaire;;;;;"{""coordinates"": [2.345661862991428, 48.85133508348417], ""type"": ""Point""}";48.85133508348417, 2.345661862991428
ELEMENTAIRES (année scolaire 2022/2023);PIERRE BUDIN (5) ELEM;5 RUE PIERRE BUDIN;18ème Ardt;75118;2022-2023;Elémentaire;;;;;"{""coordinates"": [2.3527287013006752, 48.889684350238106], ""type"": ""Point""}";48.889684350238106, 2.3527287013006752
ELEMENTAIRES (année scolaire 2022/2023);BELLEVILLE (236) ELEM;236 RUE DE BELLEVILLE;20ème Ardt;75120;2022-2023;Elémentaire;;;;;"{""coordinates"": [2.3981829889288093, 48.87535879101553], ""type"": ""Point""}";48.87535879101553, 2.3981829889288093
ELEMENTAIRES (année scolaire 2022/2023);AMIRAL ROUSSIN (35) ELEM;35 RUE DE L AMIRAL ROUSSIN;15ème Ardt;75115;2022-2023;Elémentaire;;;;;"{""coordinates"": [2.299626336508781, 48.84423314603248], ""type"": ""Point""}";48.84423314603248, 2.299626336508781
ELEMENTAIRES (année scolaire 2022/2023);MAURICE D'OCAGNE (7) ELEM;7 AVENUE MAURICE D'OCAGNE;14ème Ardt;75114;2022-2023;Elémentaire;;;;;"{""coordinates"": [2.3121556478273724, 48.82469959361119], ""type"": ""Point""}";48.82469959361119, 2.3121556478273724
ELEMENTAIRES (année scolaire 2022/2023);EPINETTES (42) ELEM;42 RUE DES EPINETTES;17ème Ardt;75117;2022-2023;Elémentaire;;;;;"{""coordinates"": [2.323889402242462, 48.89681677443847], ""type"": ""Point""}";48.89681677443847, 2.323889402242462
ELEMENTAIRES (année scolaire 2022/2023);EMILE LEVASSOR (3) ELEM;3 RUE EMILE LEVASSOR;13ème Ardt;75113;2022-2023;Elémentaire;;;;;"{""coordinates"": [2.369042817839281, 48.820889245438714], ""type"": ""Point""}";48.820889245438714, 2.369042817839281
ELEMENTAIRES (année scolaire 2022/2023);SAIDA (20) ELEM;20 RUE SAIDA;15ème Ardt;75115;2022-2023;Elémentaire;;;;;"{""coordinates"": [2.293162588036355, 48.83174298046158], ""type"": ""Point""}";48.83174298046158, 2.293162588036355
ELEMENTAIRES (année scolaire 2022/2023);AUGUSTE PERRET (9) ELEM;9 RUE AUGUSTE PERRET;13ème Ardt;75113;2022-2023;Elémentaire;;;;;"{""coordinates"": [2.359792237813677, 48.82483604940251], ""type"": ""Point""}";48.82483604940251, 2.359792237813677
ELEMENTAIRES (année scolaire 2022/2023);LOUVOIS (6) ELEM;6 RUE DE LOUVOIS;2ème Ardt;75102;2022-2023;Elémentaire;;;;;"{""coordinates"": [2.3374870250719155, 48.86827460244168], ""type"": ""Point""}";48.86827460244168, 2.3374870250719155
ELEMENTAIRES (année scolaire 2022/2023);FAUCONNIER (4) POLY;4 RUE DU FAUCONNIER;4ème Ardt;75104;2022-2023;Polyvalent;;;;;"{""coordinates"": [2.359654071343642, 48.85364219238481], ""type"": ""Point""}";48.85364219238481, 2.359654071343642
ELEMENTAIRES (année scolaire 2022/2023);GENERAL JEAN-SIMON (31) POLY;31 BOULEVARD DU GENERAL JEAN SIMON;13ème Ardt;75113;2022-2023;Polyvalent;;;;;"{""coordinates"": [2.3835692779153312, 48.826154926567035], ""type"": ""Point""}";48.826154926567035, 2.3835692779153312
ELEMENTAIRES (année scolaire 2022/2023);COLETTE MAGNY (15) ELEM;15 RUE COLETTE MAGNY;19ème Ardt;75119;2022-2023;Elémentaire;;;;;"{""coordinates"": [2.374620279812698, 48.89490828414763], ""type"": ""Point""}";48.89490828414763, 2.374620279812698
ELEMENTAIRES (année scolaire 2022/2023);JOMARD (9) ELEM;9 RUE JOMARD;19ème Ardt;75119;2022-2023;Elémentaire;;;;;"{""coordinates"": [2.37958145628075, 48.88971237770382], ""type"": ""Point""}";48.88971237770382, 2.37958145628075
ELEMENTAIRES (année scolaire 2022/2023);ALAIN-FOURNIER ( 5) ELEM;5 SQUARE ALAIN-FOURNIER;14ème Ardt;75114;2022-2023;Elémentaire;;;;;"{""coordinates"": [2.307674934788748, 48.828324298488255], ""type"": ""Point""}";48.828324298488255, 2.307674934788748
ELEMENTAIRES (année scolaire 2022/2023);BIGNON (4) ELEM;4 RUE BIGNON;12ème Ardt;75112;2022-2023;Elémentaire;;;;;"{""coordinates"": [2.3885157740248113, 48.84043115837375], ""type"": ""Point""}";48.84043115837375, 2.3885157740248113
ELEMENTAIRES (année scolaire 2022/2023);CHAMPIONNET (69) ELEM;69 RUE CHAMPIONNET;18ème Ardt;75118;2022-2023;Elémentaire;;;;;"{""coordinates"": [2.3451482912275083, 48.89575027758258], ""type"": ""Point""}";48.89575027758258, 2.3451482912275083
ELEMENTAIRES (année scolaire 2022/2023);MARYSE HILSZ (20) ELEM;20 RUE MARYSE HILSZ;20ème Ardt;75120;2022-2023;Elémentaire;;;;;"{""coordinates"": [2.4128899141500915, 48.850756462767364], ""type"": ""Point""}";48.850756462767364, 2.4128899141500915
ELEMENTAIRES (année scolaire 2022/2023);PLAINE (9) ELEM B;9 RUE DE LA PLAINE;20ème Ardt;75120;2022-2023;Elémentaire;;;;;"{""coordinates"": [2.399914835474164, 48.849964001623064], ""type"": ""Point""}";48.849964001623064, 2.399914835474164
ELEMENTAIRES (année scolaire 2022/2023);PRISSE D'AVENNES (5) ELEM;5 RUE PRISSE D'AVENNES;14ème Ardt;75114;2022-2023;Elémentaire;;;;;"{""coordinates"": [2.328290185878548, 48.82511885826271], ""type"": ""Point""}";48.82511885826271, 2.328290185878548
ELEMENTAIRES (année scolaire 2022/2023);LONGCHAMP (130) ELEM;130 RUE DE LONGCHAMP;16ème Ardt;75116;2022-2023;Elémentaire;;;;;"{""coordinates"": [2.2782542113508386, 48.86727564812386], ""type"": ""Point""}";48.86727564812386, 2.2782542113508386
ELEMENTAIRES (année scolaire 2022/2023);REIMS (38-40) POLY;38 BOULEVARD DE REIMS;17ème Ardt;75117;2022-2023;Polyvalent;;;;;"{""coordinates"": [2.295450619155225, 48.88828196110204], ""type"": ""Point""}";48.88828196110204, 2.295450619155225
ELEMENTAIRES (année scolaire 2022/2023);EUGENE VARLIN (10) ELEM;10 RUE EUGENE VARLIN;10ème Ardt;75110;2022-2023;Elémentaire;;;;;"{""coordinates"": [2.3647740287957335, 48.87833744574122], ""type"": ""Point""}";48.87833744574122, 2.3647740287957335
ELEMENTAIRES (année scolaire 2022/2023);44 ENFANTS D'IZIEU (2) POLY;2 PLACE DES 44 ENFANTS D'IZIEU;13ème Ardt;75113;2022-2023;Polyvalent;;;;;"{""coordinates"": [2.3562566111428294, 48.82163734442746], ""type"": ""Point""}";48.82163734442746, 2.3562566111428294
ELEMENTAIRES (année scolaire 2022/2023);LEGENDRE (49) ELEM;49 RUE LEGENDRE;17ème Ardt;75117;2022-2023;Elémentaire;;;;;"{""coordinates"": [2.3159676579232036, 48.88525363944682], ""type"": ""Point""}";48.88525363944682, 2.3159676579232036
ELEMENTAIRES (année scolaire 2022/2023);FRANCOISE DORLEAC  ELEM A;8 PLACE FRANCOISE DORLEAC;18ème Ardt;75118;2022-2023;Elémentaire;;;;;"{""coordinates"": [2.337452792317367, 48.8993899007631], ""type"": ""Point""}";48.8993899007631, 2.337452792317367
ELEMENTAIRES (année scolaire 2022/2023);LE VAU (10) POLY;10 RUE LE VAU;20ème Ardt;75120;2022-2023;Polyvalent;;;;;"{""coordinates"": [2.4113117143747926, 48.86659751849793], ""type"": ""Point""}";48.86659751849793, 2.4113117143747926
ELEMENTAIRES (année scolaire 2022/2023);CONVENTION (78) POLY;78 RUE DE LA CONVENTION;15ème Ardt;75115;2022-2023;Polyvalent;;;;;"{""coordinates"": [2.2847863656369185, 48.84239912308548], ""type"": ""Point""}";48.84239912308548, 2.2847863656369185
ELEMENTAIRES (année scolaire 2022/2023);FRANCOIS COPPEE (14) ELEM;14 RUE FRANCOIS COPPEE;15ème Ardt;75115;2022-2023;Elémentaire;;;;;"{""coordinates"": [2.287841502930166, 48.83987528329247], ""type"": ""Point""}";48.83987528329247, 2.287841502930166
ELEMENTAIRES (année scolaire 2022/2023);CHARLES HERMITE (4) ELEM;4 RUE CHARLES HERMITE;18ème Ardt;75118;2022-2023;Elémentaire;;;;;"{""coordinates"": [2.3686660481548145, 48.89989353303013], ""type"": ""Point""}";48.89989353303013, 2.3686660481548145
ELEMENTAIRES (année scolaire 2022/2023);MONTEMPOIVRE (16) POLY;16 RUE DE MONTEMPOIVRE;12ème Ardt;75112;2022-2023;Polyvalent;;;;;"{""coordinates"": [2.407014351230721, 48.840138661603454], ""type"": ""Point""}";48.840138661603454, 2.407014351230721
ELEMENTAIRES (année scolaire 2022/2023);CHARLES BAUDELAIRE (8) ELEM;8 RUE CHARLES BAUDELAIRE;12ème Ardt;75112;2022-2023;Elémentaire;;;;;"{""coordinates"": [2.3764664925550947, 48.84883039534485], ""type"": ""Point""}";48.84883039534485, 2.3764664925550947
ELEMENTAIRES (année scolaire 2022/2023);VANDREZANNE (38) ELEM;38 RUE VANDREZANNE;13ème Ardt;75113;2022-2023;Elémentaire;;;;;"{""coordinates"": [2.3531768485012243, 48.827838772043535], ""type"": ""Point""}";48.827838772043535, 2.3531768485012243
ELEMENTAIRES (année scolaire 2022/2023);RENARD (16) ELEM;16 RUE DU RENARD;4ème Ardt;75104;2022-2023;Elémentaire;;;;;"{""coordinates"": [2.3524903048533665, 48.85911493354362], ""type"": ""Point""}";48.85911493354362, 2.3524903048533665
ELEMENTAIRES (année scolaire 2022/2023);MILTON (5) POLY;5 RUE MILTON;9ème Ardt;75109;2022-2023;Polyvalent;;;;;"{""coordinates"": [2.340562813126252, 48.87734792111272], ""type"": ""Point""}";48.87734792111272, 2.340562813126252
ELEMENTAIRES (année scolaire 2022/2023);ST JACQUES (250 B) ELEM;250 bis RUE SAINT JACQUES;5ème Ardt;75105;2022-2023;Elémentaire;;;;;"{""coordinates"": [2.3416321034164453, 48.84377707722694], ""type"": ""Point""}";48.84377707722694, 2.3416321034164453
ELEMENTAIRES (année scolaire 2022/2023);MIOLLIS (33 BIS) ELEM;33 bis RUE MIOLLIS;15ème Ardt;75115;2022-2023;Elémentaire;;;;;"{""coordinates"": [2.3023472724059744, 48.84538458709622], ""type"": ""Point""}";48.84538458709622, 2.3023472724059744
ELEMENTAIRES (année scolaire 2022/2023);ARBALETE (41) ELEM;41 RUE DE L'ARBALETE;5ème Ardt;75105;2022-2023;Elémentaire;;;;;"{""coordinates"": [2.3464852491451595, 48.8394017671965], ""type"": ""Point""}";48.8394017671965, 2.3464852491451595
ELEMENTAIRES (année scolaire 2022/2023);BEAUREGARD (5) POLY;5 RUE BEAUREGARD;2ème Ardt;75102;2022-2023;Polyvalent;;;;;"{""coordinates"": [2.3483376284291317, 48.86927024119969], ""type"": ""Point""}";48.86927024119969, 2.3483376284291317
ELEMENTAIRES (année scolaire 2022/2023);ST OUEN (23) ELEM;23 AVENUE DE SAINT OUEN;17ème Ardt;75117;2022-2023;Elémentaire;;;;;"{""coordinates"": [2.3259283574306444, 48.889053645118366], ""type"": ""Point""}";48.889053645118366, 2.3259283574306444
ELEMENTAIRES (année scolaire 2022/2023);HIPPOLYTE MAINDRON (48) ELEM;48 RUE HIPPOLYTE MAINDRON;14ème Ardt;75114;2022-2023;Elémentaire;;;;;"{""coordinates"": [2.320559194450543, 48.83040457696267], ""type"": ""Point""}";48.83040457696267, 2.320559194450543
ELEMENTAIRES (année scolaire 2022/2023);ST MERRI (11) POLY;11 RUE SAINT MERRI;4ème Ardt;75104;2022-2023;Polyvalent;;;;;"{""coordinates"": [2.352953080890981, 48.8593047674744], ""type"": ""Point""}";48.8593047674744, 2.352953080890981
ELEMENTAIRES (année scolaire 2022/2023);ARAGO (30) ELEM;30 BOULEVARD ARAGO;13ème Ardt;75113;2022-2023;Elémentaire;;;;;"{""coordinates"": [2.3474585187845385, 48.83560045283759], ""type"": ""Point""}";48.83560045283759, 2.3474585187845385
ELEMENTAIRES (année scolaire 2022/2023);FLORENCE (4) ELEM;4 RUE DE FLORENCE;8ème Ardt;75108;2022-2023;Elémentaire;;;;;"{""coordinates"": [2.325599930184956, 48.88229243303906], ""type"": ""Point""}";48.88229243303906, 2.325599930184956
ELEMENTAIRES (année scolaire 2022/2023);CUGNOT (30) POLY;30 RUE CUGNOT;18ème Ardt;75118;2022-2023;Polyvalent;;;;;"{""coordinates"": [2.3645871569749612, 48.892715722912946], ""type"": ""Point""}";48.892715722912946, 2.3645871569749612
ELEMENTAIRES (année scolaire 2022/2023);SIMON BOLIVAR (119) ELEM A;119 AVENUE SIMON BOLIVAR (EC.B;19ème Ardt;75119;2022-2023;Elémentaire;;;;;"{""coordinates"": [2.374187395474631, 48.87983801495678], ""type"": ""Point""}";48.87983801495678, 2.374187395474631
ELEMENTAIRES (année scolaire 2022/2023);ST MARTIN (211) POLY;211 RUE SAINT MARTIN;3ème Ardt;75103;2022-2023;Polyvalent;;;;;"{""coordinates"": [2.3528123089676223, 48.86407166494785], ""type"": ""Point""}";48.86407166494785, 2.3528123089676223
ELEMENTAIRES (année scolaire 2022/2023);KELLER (4) ELEM;4 RUE KELLER;11ème Ardt;75111;2022-2023;Elémentaire;;;;;"{""coordinates"": [2.376856491618321, 48.85362018914469], ""type"": ""Point""}";48.85362018914469, 2.376856491618321
ELEMENTAIRES (année scolaire 2022/2023);ARAGO (87) ELEM;87 BOULEVARD ARAGO;14ème Ardt;75114;2022-2023;Elémentaire;;;;;"{""coordinates"": [2.335684623235041, 48.83435989215087], ""type"": ""Point""}";48.83435989215087, 2.335684623235041
ELEMENTAIRES (année scolaire 2022/2023);CHAT.DES RENTIERS (173) ELEM;173 RUE CHATEAU DES RENTIERS;13ème Ardt;75113;2022-2023;Elémentaire;;;;;"{""coordinates"": [2.36180629302491, 48.83038656153507], ""type"": ""Point""}";48.83038656153507, 2.36180629302491
ELEMENTAIRES (année scolaire 2022/2023);LAUGIER (16) ELEM;16 RUE LAUGIER;17ème Ardt;75117;2022-2023;Elémentaire;;;;;"{""coordinates"": [2.29683196052162, 48.88025971883633], ""type"": ""Point""}";48.88025971883633, 2.29683196052162
ELEMENTAIRES (année scolaire 2022/2023);CHAMPERRET (7) ELEM;7 AVENUE DE LA PTE CHAMPERRET;17ème Ardt;75117;2022-2023;Elémentaire;;;;;"{""coordinates"": [2.286964097530639, 48.886092219404], ""type"": ""Point""}";48.886092219404, 2.286964097530639
ELEMENTAIRES (année scolaire 2022/2023);MICHEL ANGE (51) ELEM;51 RUE MICHEL ANGE;16ème Ardt;75116;2022-2023;Elémentaire;;;;;"{""coordinates"": [2.261070247176204, 48.84402438713324], ""type"": ""Point""}";48.84402438713324, 2.261070247176204
ELEMENTAIRES (année scolaire 2022/2023);ORAN (18) ELEM;18 RUE D'ORAN;18ème Ardt;75118;2022-2023;Elémentaire;;;;;"{""coordinates"": [2.353029211880464, 48.88904593860851], ""type"": ""Point""}";48.88904593860851, 2.353029211880464
ELEMENTAIRES (année scolaire 2022/2023);ALEXANDRE DUMAS (39) ELEM;39 RUE ALEXANDRE DUMAS;11ème Ardt;75111;2022-2023;Elémentaire;;;;;"{""coordinates"": [2.393254262343635, 48.8537486681614], ""type"": ""Point""}";48.8537486681614, 2.393254262343635
ELEMENTAIRES (année scolaire 2022/2023);GUTENBERG (50) ELEM;50 RUE GUTENBERG;15ème Ardt;75115;2022-2023;Elémentaire;;;;;"{""coordinates"": [2.2798377959842973, 48.842730877018894], ""type"": ""Point""}";48.842730877018894, 2.2798377959842973
ELEMENTAIRES (année scolaire 2022/2023);ETIENNE DOLET (31) ELEM;31 RUE ETIENNE DOLET;20ème Ardt;75120;2022-2023;Elémentaire;;;;;"{""coordinates"": [2.3853632373377347, 48.86814996343167], ""type"": ""Point""}";48.86814996343167, 2.3853632373377347
ELEMENTAIRES (année scolaire 2022/2023);BRECHE AUX LOUPS (18) ELEM;18 RUE DE LA BRECHE AUX LOUPS;12ème Ardt;75112;2022-2023;Elémentaire;;;;;"{""coordinates"": [2.394091328021627, 48.83746315942699], ""type"": ""Point""}";48.83746315942699, 2.394091328021627
ELEMENTAIRES (année scolaire 2022/2023);POISSONNIERS (142) POLY;142 RUE DES POISSONNIERS;18ème Ardt;75118;2022-2023;Polyvalent;;;;;"{""coordinates"": [2.3530219082435435, 48.896813673292016], ""type"": ""Point""}";48.896813673292016, 2.3530219082435435
ELEMENTAIRES (année scolaire 2022/2023);SIBELLE (13) POLY;13 AVENUE DE LA SIBELLE;14ème Ardt;75114;2022-2023;Polyvalent;;;;;"{""coordinates"": [2.338465797187959, 48.825976518289444], ""type"": ""Point""}";48.825976518289444, 2.338465797187959
ELEMENTAIRES (année scolaire 2022/2023);TURGOT (15) ELEM;15 RUE TURGOT;9ème Ardt;75109;2022-2023;Elémentaire;;;;;"{""coordinates"": [2.345147048298475, 48.88050057618935], ""type"": ""Point""}";48.88050057618935, 2.345147048298475
ELEMENTAIRES (année scolaire 2022/2023);FOREST (14) POLY;14 RUE FOREST;18ème Ardt;75118;2022-2023;Polyvalent;;;;;"{""coordinates"": [2.3290873902091733, 48.885733364741284], ""type"": ""Point""}";48.885733364741284, 2.3290873902091733
ELEMENTAIRES (année scolaire 2022/2023);FERDINAND FLOCON (5) ELEM;5 RUE FERDINAND FLOCON;18ème Ardt;75118;2022-2023;Elémentaire;;;;;"{""coordinates"": [2.3458796699567097, 48.891647996030606], ""type"": ""Point""}";48.891647996030606, 2.3458796699567097
ELEMENTAIRES (année scolaire 2022/2023);LA FONTAINE (41B) ELEM;41 bis RUE JEAN DE LA FONTAINE;16ème Ardt;75116;2022-2023;Elémentaire;;;;;"{""coordinates"": [2.2703807160167, 48.85017170540044], ""type"": ""Point""}";48.85017170540044, 2.2703807160167
ELEMENTAIRES (année scolaire 2022/2023);EUGENIE COTTON (16) ELEM A;16 RUE EUGENIE COTTON (ECOLE A;19ème Ardt;75119;2022-2023;Elémentaire;;;;;"{""coordinates"": [2.3945249391432957, 48.87874197496205], ""type"": ""Point""}";48.87874197496205, 2.3945249391432957
ELEMENTAIRES (année scolaire 2022/2023);VAUVENARGUES (50) ELEM;50 RUE VAUVENARGUES;18ème Ardt;75118;2022-2023;Elémentaire;;;;;"{""coordinates"": [2.331632220240775, 48.895321103349815], ""type"": ""Point""}";48.895321103349815, 2.331632220240775
ELEMENTAIRES (année scolaire 2022/2023);REUILLY (27) ELEM;27 RUE DE REUILLY;12ème Ardt;75112;2022-2023;Elémentaire;;;;;"{""coordinates"": [2.3864250336308817, 48.84795893066709], ""type"": ""Point""}";48.84795893066709, 2.3864250336308817
ELEMENTAIRES (année scolaire 2022/2023);RIBLETTE (14) ELEM B;14 RUE RIBLETTE;20ème Ardt;75120;2022-2023;Elémentaire;;;;;"{""coordinates"": [2.4059821312439307, 48.859968853223876], ""type"": ""Point""}";48.859968853223876, 2.4059821312439307
ELEMENTAIRES (année scolaire 2022/2023);ST BERNARD (31) ELEM;31 RUE SAINT BERNARD;11ème Ardt;75111;2022-2023;Elémentaire;;;;;"{""coordinates"": [2.3808836576778427, 48.85270349257682], ""type"": ""Point""}";48.85270349257682, 2.3808836576778427
ELEMENTAIRES (année scolaire 2022/2023);BELLEVILLE (104) ELEM;104 RUE DE BELLEVILLE;20ème Ardt;75120;2022-2023;Elémentaire;;;;;"{""coordinates"": [2.386640944554726, 48.874457976184885], ""type"": ""Point""}";48.874457976184885, 2.386640944554726
ELEMENTAIRES (année scolaire 2022/2023);SERVAN (29) ELEM B;29 RUE SERVAN;11ème Ardt;75111;2022-2023;Elémentaire;;;;;"{""coordinates"": [2.382979549055326, 48.86075053788084], ""type"": ""Point""}";48.86075053788084, 2.382979549055326
ELEMENTAIRES (année scolaire 2022/2023);ALESIA (3) ELEM;3 RUE D'ALESIA;14ème Ardt;75114;2022-2023;Elémentaire;;;;;"{""coordinates"": [2.3403547178238604, 48.82655422621689], ""type"": ""Point""}";48.82655422621689, 2.3403547178238604
ELEMENTAIRES (année scolaire 2022/2023);GUSTAVE ROUANET (7) ELEM;7 RUE GUSTAVE ROUANET;18ème Ardt;75118;2022-2023;Elémentaire;;;;;"{""coordinates"": [2.3403163219867738, 48.896314757756535], ""type"": ""Point""}";48.896314757756535, 2.3403163219867738
ELEMENTAIRES (année scolaire 2022/2023);CHERNOVIZ (8) ELEM;8 RUE CHERNOVIZ;16ème Ardt;75116;2022-2023;Elémentaire;;;;;"{""coordinates"": [2.2819172941522194, 48.85737009298764], ""type"": ""Point""}";48.85737009298764, 2.2819172941522194
ELEMENTAIRES (année scolaire 2022/2023);OURCQ (105B) ELEM A;105 bis RUE DE L'OURCQ (ECOLE B);19ème Ardt;75119;2022-2023;Elémentaire;;;;;"{""coordinates"": [2.3750753793415953, 48.893558392617535], ""type"": ""Point""}";48.893558392617535, 2.3750753793415953
ELEMENTAIRES (année scolaire 2022/2023);GENERAL LASALLE (1) ELEM;1 RUE DU GENERAL LASALLE;19ème Ardt;75119;2022-2023;Elémentaire;;;;;"{""coordinates"": [2.381214745951107, 48.87425637487898], ""type"": ""Point""}";48.87425637487898, 2.381214745951107
ELEMENTAIRES (année scolaire 2022/2023);MOUSSY (9) ELEM;9 RUE DE MOUSSY;4ème Ardt;75104;2022-2023;Elémentaire;;;;;"{""coordinates"": [2.355614517489312, 48.85773889422884], ""type"": ""Point""}";48.85773889422884, 2.355614517489312
ELEMENTAIRES (année scolaire 2022/2023);BESSIERES (92) ELEM;92 BOULEVARD BESSIERES;17ème Ardt;75117;2022-2023;Elémentaire;;;;;"{""coordinates"": [2.318990564141351, 48.8966040384689], ""type"": ""Point""}";48.8966040384689, 2.318990564141351
ELEMENTAIRES (année scolaire 2022/2023);PIERRE GOURDAULT (11) ELEM;11 RUE PIERRE GOURDAULT;13ème Ardt;75113;2022-2023;Elémentaire;;;;;"{""coordinates"": [2.3708054996786063, 48.831268625458605], ""type"": ""Point""}";48.831268625458605, 2.3708054996786063
ELEMENTAIRES (année scolaire 2022/2023);PEREIRE (221) ELEM;221 BOULEVARD PEREIRE;17ème Ardt;75117;2022-2023;Elémentaire;;;;;"{""coordinates"": [2.2892896889989873, 48.88056489268451], ""type"": ""Point""}";48.88056489268451, 2.2892896889989873
